"","AAPL","NVDA","SP500"
"2016-07-05",-0.943016409405972,1.46795203180301,-0.687102898559822
"2016-07-06",0.566883329657175,0.631587649189905,0.533868705827611
"2016-07-07",0.428257701261625,2.56905307070724,-0.0871957886733554
"2016-07-08",0.768322663031595,3.93072345270394,1.51381865659923
"2016-07-11",0.309853327282461,2.27478604244295,0.340281931199904
"2016-07-12",0.452662766490031,1.48829371786314,0.698484230734486
"2016-07-13",-0.566147182004473,-0.0378642222670089,0.0134758674982471
"2016-07-14",1.96261559423019,1.01790119069256,0.524542280169626
"2016-07-15",-0.0100677211373856,-1.16958474957732,-0.0929379059870783
"2016-07-18",1.05733555546714,0.511009123464806,0.23794618218691
"2016-07-19",0.0400681053965624,1.03300792964869,-0.143620450041571
"2016-07-20",0.0900463439852839,1.2994018012462,0.426120831576426
"2016-07-21",-0.531596649580424,-1.8615773206313,-0.361906985652549
"2016-07-22",-0.777459095882804,2.68811273274733,0.454362678951004
"2016-07-25",-1.34695519149615,1.83059846004923,-0.301601873992929
"2016-07-26",-0.690651983621882,1.69179491523597,0.0322732160719319
"2016-07-27",6.29401342634943,-1.01167497934842,-0.119926094680878
"2016-07-28",1.34113582577138,0.213843706388217,0.160492044809235
"2016-07-29",-0.124689293170688,1.62432573505462,0.162998011765758
"2016-08-01",1.75027420408553,-0.650063558810238,-0.127059414749109
"2016-08-02",-1.49150741438349,-1.22378521028034,-0.638194081266708
"2016-08-03",1.24604926221825,0.267311166850953,0.312904271607106
"2016-08-04",0.615867605318465,1.83397235581832,0.0212549299488884
"2016-08-05",1.50923578165556,1.68070034820512,0.856669728938009
"2016-08-08",0.824686631423432,0.923576506499191,-0.090757729154145
"2016-08-09",0.405181023925438,0.255031423264163,0.0389717986555738
"2016-08-10",-0.747203975053834,-0.647396597009309,-0.286879706348842
"2016-08-11",-0.0648528367455103,2.01344846612248,0.472341510244423
"2016-08-12",0.231400171696672,5.44373714960923,-0.0796363386914578
"2016-08-15",1.1945202603346,-0.0952224334555607,0.278901629452211
"2016-08-16",-0.0913695619109145,-0.60517207665643,-0.549414221647826
"2016-08-17",-0.146389604645369,-2.34355779262041,0.18668460061555
"2016-08-18",-0.128266932584653,1.54162067363135,0.219720169638293
"2016-08-19",0.256377178475731,0.257334320725483,-0.144130956876865
"2016-08-22",-0.780296671835634,0.416721124826652,-0.0563481883323114
"2016-08-23",0.312852747596271,0.80597947324848,0.194986717836176
"2016-08-24",-0.756184724041953,-1.5539150328801,-0.525405525967138
"2016-08-25",-0.426719203628823,-0.664111395198824,-0.136616039664617
"2016-08-26",-0.587377517612753,0.80930253249375,-0.158006423871271
"2016-08-29",-0.112278124399134,-0.0645146929646345,0.521442842867437
"2016-08-30",-0.770634310343876,-0.582410392760396,-0.195559140712298
"2016-08-31",0.0943209955596824,-0.471684672831552,-0.237869110556232
"2016-09-01",0.592014100089289,2.90808863779097,-0.00413853894114524
"2016-09-02",0.932557270089696,-0.986634651410545,0.419224159903475
"2016-09-06",-0.0278364567002587,0.939093504083888,0.297724237000452
"2016-09-07",0.610934789428308,-1.48433343793183,-0.0146395938292798
"2016-09-08",-2.65585228130156,0.720996230008314,-0.222548819247059
"2016-09-09",-2.29100899491339,-5.10914290644126,-2.48277424108361
"2016-09-12",2.21517922665018,2.04545588959212,1.45703872334346
"2016-09-13",2.35261780803584,-1.45915477442805,-1.49417482782113
"2016-09-14",3.47749492870166,0.881347034902819,-0.0587849399813045
"2016-09-15",3.34332820606815,3.72130100482063,1.00585164494404
"2016-09-16",-0.564008985014608,0.238983184993735,-0.377942779557205
"2016-09-19",-1.17289327888592,1.312137120359,-0.00186032338254094
"2016-09-20",-0.00881230862712634,-0.915129999650177,0.0299093484234625
"2016-09-21",-0.0176049116762833,2.76688543089336,1.0858000333636
"2016-09-22",0.93789723555413,0.246393205384532,0.647875191764147
"2016-09-23",-1.68040485662391,-0.107719060648809,-0.575329295971816
"2016-09-26",0.150712128782127,-0.943623623597717,-0.862485011791669
"2016-09-27",0.18587724066581,3.36215978235616,0.642349516529794
"2016-09-28",0.757553387152798,0.36007184932344,0.528257660364329
"2016-09-29",-1.56551873629618,0.924132642238651,-0.936512773008147
"2016-09-30",0.772595570653056,1.64806558743514,0.793639258802781
"2016-10-03",-0.469954902622405,-0.102192652350086,-0.32660231815278
"2016-10-04",0.425693710692299,-0.219417860927218,-0.496788178636187
"2016-10-05",0.0442611919301061,-0.102529134293139,0.428748623119724
"2016-10-06",0.740260683595606,-1.31298790649248,0.048144385260418
"2016-10-07",0.149159113397213,-0.730309227751413,-0.32587874416139
"2016-10-10",1.72968451502622,0.373273273843988,0.459533031732473
"2016-10-11",0.215154718617594,-1.45617237438686,-1.25245776977563
"2016-10-12",0.890250087262334,0.452633929887497,0.114593220639847
"2016-10-13",-0.307258374190722,-1.63912387440226,-0.310407641223343
"2016-10-14",0.554104462178717,0.974587043644914,0.0201584159120749
"2016-10-17",-0.068020443935568,-0.577541444544044,-0.30426181118397
"2016-10-18",-0.0680880435264264,1.51269306421635,0.614150560569815
"2016-10-19",-0.298378969967628,-0.210410788923643,0.218957215535021
"2016-10-20",-0.0512509827347962,1.87784601273806,-0.137667113138029
"2016-10-21",-0.393758745366934,-0.28091753676327,-0.00841451401552007
"2016-10-24",0.896498614245322,4.58670840011385,0.473859464742787
"2016-10-25",0.508710467210971,1.6272002539216,-0.380495746470633
"2016-10-26",-2.2751623591188,0.402687888404374,-0.174192792118788
"2016-10-27",-0.964939792256647,-2.07233156871189,-0.299119590600849
"2016-10-28",-0.666086197042048,-0.169919646788497,-0.311314013962516
"2016-10-31",-0.158398014432182,0.846746085411898,-0.0122283884198104
"2016-11-01",-1.82203618957346,-3.00998092281093,-0.681001910873569
"2016-11-02",0.0896486128521445,-0.420898376500101,-0.654688445345375
"2016-11-03",-1.0776716439171,-1.17029461854345,-0.443321302260902
"2016-11-04",-0.90545300603142,-0.57550846082296,-0.166752027169359
"2016-11-07",1.43217971586989,5.33114010930144,2.19801997294651
"2016-11-08",0.586971665091829,-0.154457730623991,0.3764878397158
"2016-11-09",-0.162211373993504,-1.70072323245986,1.10161198796561
"2016-11-10",-2.82633193914168,-3.18043053229768,0.194884571609499
"2016-11-11",0.591974899203329,26.087641174983,-0.139892834779776
"2016-11-14",-2.54054966731663,-5.04740629821916,-0.0115509457183194
"2016-11-15",1.31571754524864,3.00323551643212,0.745295502208965
"2016-11-16",2.65328314998863,6.12050746100343,-0.158351652237609
"2016-11-17",-0.0363621756646282,0.825952716897171,0.466546936119805
"2016-11-18",0.099977378773497,1.04443176207273,-0.238965136554903
"2016-11-21",1.50596345317315,-0.407864276222858,0.743370207087413
"2016-11-22",0.0626545061151784,0.718013750571467,0.216309110359347
"2016-11-23",-0.511148669420347,0.490729853030636,0.0807698156908288
"2016-11-25",0.502197247578229,0.201988738947079,0.390674561342408
"2016-11-28",-0.196978091883704,-0.0531191865060787,-0.526838925473516
"2016-11-29",-0.0986607951544372,-0.918046461803035,0.133440235326177
"2016-11-30",-0.846906057695218,-1.13237311232757,-0.265693055515648
"2016-12-01",-0.936349728618024,-5.07227945301525,-0.35217229667639
"2016-12-02",0.373792649293314,0.919997938546235,0.0396927720085039
"2016-12-05",-0.72144604530493,3.80461393798219,0.580442692674321
"2016-12-06",0.766904153143289,1.63007964607911,0.340508446887444
"2016-12-07",0.977466335455013,1.78290032080956,1.30773587447237
"2016-12-08",0.976900614638776,-1.686604743297,0.215701501687082
"2016-12-09",1.61903794225866,-1.79171881088551,0.59214185329699
"2016-12-12",-0.572049497728422,-2.45864807769374,-0.113808229059931
"2016-12-13",1.65436949387394,1.74822346199316,0.651848320123705
"2016-12-14",0,5.62990490796488,-0.815029546185908
"2016-12-15",0.545425032519464,2.31614043823076,0.387570768755374
"2016-12-16",0.129442497166155,1.70755583752007,-0.175215675097995
"2016-12-19",0.576055149170029,1.20767936524047,0.197317271521147
"2016-12-20",0.265408720835891,3.42395064718422,0.363091240115221
"2016-12-21",0.0940386318414088,0.62558984528337,-0.246038572467722
"2016-12-22",-0.659949587517161,1.20224095285739,-0.186471122239684
"2016-12-23",0.197586597317922,2.46217015882568,0.125093253507913
"2016-12-27",0.633072984411687,6.64271320479245,0.224584890454871
"2016-12-28",-0.427319089634803,-7.12665996868044,-0.839164070977105
"2016-12-29",-0.0256729940065981,1.97577641616106,-0.0293347731868288
"2016-12-30",-0.78266290958453,-4.30006123862209,-0.464783469685504
"2017-01-03",0.28452549935376,-4.53250110099783,0.84507667531577
"2017-01-04",-0.111975094545569,2.30629074798328,0.570596377054944
"2017-01-05",0.507247828887047,-2.57131096486894,-0.0770967602481853
"2017-01-06",1.10866193601264,1.32788420996925,0.35107891805799
"2017-01-09",0.911785128165032,3.97427097703918,-0.355490547156023
"2017-01-10",0.100773408476895,-0.757877085647019,0
"2017-01-11",0.535886033688238,-1.23801174182228,0.282564238910243
"2017-01-12",-0.418394236851549,-1.64914569452557,-0.214711239372978
"2017-01-13",-0.176251163388219,-0.009681766352021,0.184813139514617
"2017-01-17",0.803201722735292,-2.26859973351371,-0.297191445621792
"2017-01-18",-0.00832588510553123,1.80341952244545,0.176220046980902
"2017-01-19",-0.175190953651727,2.12400767194585,-0.361583762431916
"2017-01-20",0.183516838757258,-1.0996124427726,0.336058406130046
"2017-01-23",0.0666305093453445,1.03296651203044,-0.269374964607039
"2017-01-24",-0.0916240778156663,2.10912536571151,0.654314052896243
"2017-01-25",1.57951522625077,0.427686581084397,0.799405279596854
"2017-01-26",0.04921824531392,1.71085641589054,-0.0735654935263064
"2017-01-27",0.00817913921209446,1.91496420035563,-0.0866839489741089
"2017-01-30",-0.262740240097203,-1.57808031755301,-0.602767349609667
"2017-01-31",-0.230474761385269,-0.766436672630344,-0.0890301608032829
"2017-02-01",5.91936052999271,4.27615716180202,0.0298318988116719
"2017-02-02",-0.171014806474279,1.2557919212332,0.0570146838690277
"2017-02-03",0.427028470597346,-0.879113676129895,0.723849685455402
"2017-02-06",0.932983176207802,2.52935014970463,-0.211759751370888
"2017-02-07",0.947256021158926,1.53954847684781,0.0226803463845293
"2017-02-08",0.386978821450601,-0.437460079709107,0.0693082148609747
"2017-02-09",0.719997367076974,-1.89801384923751,0.573606373596025
"2017-02-10",-0.226792905351036,-2.40010464393283,0.355970682200901
"2017-02-13",0.881690286055736,-4.72159860690295,0.523213358401176
"2017-02-14",1.28955278698455,0.36839320712263,0.399932719567264
"2017-02-15",0.362250687102161,0.202034376234284,0.49798886657344
"2017-02-16",-0.118132243381375,-1.61851013377073,-0.0864491601550554
"2017-02-17",0.272973898861695,-0.0186764919069438,0.167714932723761
"2017-02-21",0.719477311325178,3.51846879095232,0.602985002006928
"2017-02-22",0.29948136559037,-0.15335862704775,-0.10827861468039
"2017-02-23",-0.423912705548313,-9.73077064456365,0.0418898971259019
"2017-02-24",0.0951562795220351,0.960623563573504,0.149225023203137
"2017-02-27",0.197366629490325,2.86611230138062,0.101746526773372
"2017-02-28",0.0438559906620117,-2.84637956056402,-0.258170611519493
"2017-03-01",2.02333257316138,1.28267293932851,1.3581211083725
"2017-03-02",-0.59552192604917,-3.75685006602784,-0.58771169721048
"2017-03-03",0.588358343994999,-0.577461523252198,0.0503750368534561
"2017-03-06",-0.315291669531215,-0.775083472583604,-0.328262276356561
"2017-03-07",0.129106900276144,1.08956744173109,-0.291762590208933
"2017-03-08",-0.37341271974145,-0.182474918339548,-0.228682796406421
"2017-03-09",-0.230473684468491,-0.0202977455743159,0.0799575612766112
"2017-03-10",0.331148779250423,0.586850999457389,0.326333970585857
"2017-03-13",0.0431001991299862,2.71701277173484,0.0366565619169812
"2017-03-14",-0.150955815679765,-0.0687258493061282,-0.338474898089114
"2017-03-15",1.05205401970165,0.753663606252641,0.833987912468626
"2017-03-16",0.163613203908364,1.22114729966607,-0.162803479918328
"2017-03-17",-0.498774117700629,2.15374998221974,-0.131517926423186
"2017-03-20",1.04462472528848,3.13685425188375,-0.201191608037998
"2017-03-21",-1.1518369222697,-3.28784692254841,-1.24855945901023
"2017-03-22",1.12352956257027,2.01895081547854,0.18881028474631
"2017-03-23",-0.354185573693444,-0.910950302712576,-0.106083214483021
"2017-03-24",-0.198881031469389,0.354229161221176,-0.0844352213938748
"2017-03-27",0.170453446153207,0.723169809873325,-0.102010758584559
"2017-03-28",2.0515746352741,-0.518662774833867,0.722530882962413
"2017-03-29",0.222242311389564,-0.325546928008391,0.108473620382998
"2017-03-30",-0.131906123135828,1.90094706175933,0.2930810911705
"2017-03-31",-0.187781678057064,-0.430544336547944,-0.225759393826674
"2017-04-03",0.0278660437501355,-0.506187932894342,-0.164347530801301
"2017-04-04",0.741770082539883,-7.27034888748814,0.0559366074661227
"2017-04-05",-0.519396201237932,-0.7469612381514,-0.305953681152271
"2017-04-06",-0.250239925052087,0.727062571253134,0.192765029373554
"2017-04-07",-0.222966251616885,-0.427646841460305,-0.0827472462945344
"2017-04-10",-0.118681109268426,-2.5847000220234,0.0687450135783862
"2017-04-11",-1.0814930583217,0.357335817357674,-0.143490829195869
"2017-04-12",0.11994752291673,-0.828909596706184,-0.376703741898687
"2017-04-13",-0.530268503814169,-1.88802441619897,-0.683802028980462
"2017-04-17",0.55148657868731,3.84184744930949,0.857646569110759
"2017-04-18",-0.445228756325422,0.0604674425958018,-0.290760284583325
"2017-04-19",-0.368973413675544,0.392018401536731,-0.171782539686838
"2017-04-20",1.24330549928664,1.57267890611651,0.752885036297357
"2017-04-21",-0.119408266033005,0.413881835172913,-0.303968810711552
"2017-04-24",0.958338071890319,1.24126613663652,1.0781736588112
"2017-04-25",0.617708260152128,1.72379032894078,0.607221421175108
"2017-04-26",-0.589849832314471,-0.689768845800065,-0.0485821475686876
"2017-04-27",0.0765304620126805,1.54535865875607,0.0552767000298715
"2017-04-28",-0.0974063007091797,-1.27655112236134,-0.191497947148989
"2017-05-01",2.01918414867719,2.21872525907383,0.173079182689406
"2017-05-02",0.632434806152471,-3.00802087362656,0.118834358581132
"2017-05-03",-0.305542439358364,0.741337272702147,-0.12721693958273
"2017-05-04",-0.361066977285596,-0.384431666783369,0.0581933287869596
"2017-05-05",1.64478790211828,0.00962112684480543,0.408035940747808
"2017-05-08",2.68253260804019,-1.05501935048332,0.00374452719080764
"2017-05-09",0.638489709750534,0.165290695534992,-0.10257745567932
"2017-05-10",-0.475217760894386,16.4037830147852,0.112996271744947
"2017-05-11",0.861107921316062,4.20580197620017,-0.216515137410678
"2017-05-12",1.38689644496361,1.09282536009714,-0.14795353407937
"2017-05-15",-0.256564752617683,4.89800703695429,0.476514230301461
"2017-05-16",-0.147834461876517,1.84421975509836,-0.0687133036985976
"2017-05-17",-3.41521253525605,-6.87524956142465,-1.83454681711153
"2017-05-18",1.51259221037221,4.10349772094056,0.368003862721622
"2017-05-19",0.340367822962895,2.28321137225225,0.674470320820042
"2017-05-22",0.605780356680974,2.10993027801381,0.514686329600877
"2017-05-23",-0.123484251508366,-1.35543595986549,0.183618517238049
"2017-05-24",-0.299537822906126,1.1175515130375,0.248603380457624
"2017-05-25",0.345001354876961,-0.223934855933772,0.443211204197791
"2017-05-26",-0.169079029689279,2.55635026644758,0.0310501785302897
"2017-05-30",0.0390411477765085,2.11373502263978,-0.120535072953398
"2017-05-31",-0.593967113531768,-0.359586102351628,-0.0460074619951456
"2017-06-01",0.274592822007946,0.00692797007233459,0.754259558484716
"2017-06-02",1.47105426175123,-0.500004268819265,0.370087461804669
"2017-06-05",-0.982634810203997,2.99694955231675,-0.121840714042865
"2017-06-06",0.33727805869419,-0.453686921562246,-0.278290866620434
"2017-06-07",0.593862983759674,1.20085117183566,0.156702879634718
"2017-06-08",-0.244902418647319,7.00476026031758,0.0267169035664594
"2017-06-09",-3.95484255738068,-6.68339965298892,-0.0830333866186805
"2017-06-12",-2.41856344634384,0.247029482713601,-0.0979242479718145
"2017-06-13",0.80134823959277,0.949012331692711,0.450135884323011
"2017-06-14",-0.980340119257317,0.211130440311647,-0.0996326965317706
"2017-06-15",-0.601123412568283,0.427523815951036,-0.224210979683992
"2017-06-16",-1.40981403766403,-0.493443032480401,0.0283599150058933
"2017-06-19",2.82054163338752,3.69044509765539,0.831258320689443
"2017-06-20",-0.91297929767582,-0.146312409629679,-0.671916044693166
"2017-06-21",0.591322653373894,1.50369547604676,-0.0582814193271552
"2017-06-22",-0.164674883427152,-0.692174388946776,-0.0455885972438175
"2017-06-23",0.445356939329722,-2.90859651379656,0.15596985554085
"2017-06-26",-0.31498342535996,-1.09811016624983,0.0315751939733211
"2017-06-27",-1.44361203977303,-3.72956616822564,-0.810558657567295
"2017-06-28",1.45046197048928,3.46630494621076,0.876950164655099
"2017-06-29",-1.48528559137895,-3.39808692665344,-0.863721684414198
"2017-06-30",0.236358441437634,-1.45587011927564,0.153205761087438
"2017-07-03",-0.361713892311277,-3.68492894374335,0.230816797914724
"2017-07-05",0.410343938515467,2.63488234545755,0.145222403628864
"2017-07-06",-0.948352328685909,0.300135682936786,-0.941298730686579
"2017-07-07",1.01073596080612,2.26029161840788,0.63827125696152
"2017-07-10",0.608535192458248,4.62040204986911,0.0927336103512921
"2017-07-11",0.32347243394315,1.40837457145302,-0.0782987066082264
"2017-07-12",0.144194404567211,4.16534630308458,0.727905094782155
"2017-07-13",1.38327084913823,-1.16360679860725,0.187282947347267
"2017-07-14",0.855787179039602,2.65388044256936,0.466261617000985
"2017-07-17",0.348291864773964,-0.425275760505284,-0.00529142367069468
"2017-07-18",0.347050106850366,1.03566934063704,0.0597678698111004
"2017-07-19",0.624397457414183,-0.519543122490607,0.535825821605318
"2017-07-20",-0.451246403739791,1.4432329140547,-0.0153671088606977
"2017-07-21",-0.0465859998283413,0.357565469679066,-0.0367939329208866
"2017-07-24",1.20387015178101,-1.16679618675182,-0.106430099540855
"2017-07-25",0.426426802517099,-0.48267426369133,0.291890751989765
"2017-07-26",0.470340593419838,1.14850614287541,0.0282624006120002
"2017-07-27",-1.90785448245485,-3.35589473820217,-0.0973161637394249
"2017-07-28",-0.706512463480324,1.62508258097778,-0.134201567811587
"2017-07-31",-0.51638221130843,-1.15014602054488,-0.0728410834559767
"2017-08-01",0.883577386650369,1.21101088635307,0.244612077493844
"2017-08-02",4.61686813964559,-0.0608648658081856,0.0492527407347509
"2017-08-03",-1.00412503700391,1.26338719732544,-0.21860418349462
"2017-08-04",0.525717305124207,0.437530091891047,0.188732141753967
"2017-08-07",1.5354996644882,3.0277253119164,0.164584464428064
"2017-08-08",0.79659360182176,-1.19661246607272,-0.241735223038564
"2017-08-09",0.610265610174432,1.05721804521364,-0.0363674792712487
"2017-08-10",-3.23700255366717,-4.37651819173068,-1.45802184007415
"2017-08-11",1.38109609172026,-5.47689705327554,0.127475712798741
"2017-08-14",1.49374846004888,7.67421921025064,0.999365124604967
"2017-08-15",1.08886212711408,-0.846740964341208,-0.0498932326883583
"2017-08-16",-0.403049733938676,-1.10202104934551,0.141909552333264
"2017-08-17",-1.93854363461066,-2.25349129222303,-1.55573424871918
"2017-08-18",-0.228319252623388,0.0185971825624742,-0.18370536613519
"2017-08-21",-0.184299359575091,-1.4658119280462,0.116197571456578
"2017-08-22",1.62155353473734,2.20184915908228,0.989169526062561
"2017-08-23",0.12507123969554,1.97967559168373,-0.34595701326392
"2017-08-24",-0.444769859291538,-0.368597558722694,-0.207661674713844
"2017-08-25",0.369770497683186,-0.838904367239945,0.167147166893766
"2017-08-28",1.00208617241395,0.705612327588523,0.0486953473296303
"2017-08-29",0.887816328360991,-0.163793644936372,0.0842466762009941
"2017-08-30",0.269767406832244,0.593326413495943,0.460453178806031
"2017-08-31",0.397109752531311,2.24400779052909,0.570467358471394
"2017-09-01",0.0305101244162831,0.60019212873963,0.198057804233542
"2017-09-05",-1.20812289739138,-2.7055318338997,-0.757945855214537
"2017-09-06",-0.104951372488449,-0.0602790209008219,0.312384249314412
"2017-09-07",-0.402276559429504,0.463334667426119,-0.0178452044853117
"2017-09-08",-1.64434347536142,-1.75016407885229,-0.148996014345837
"2017-09-11",1.79302583377945,3.19243172282753,1.07809751971475
"2017-09-12",-0.39705332847606,0.360314138045004,0.33583025948829
"2017-09-13",-0.755047342663895,0.447072924889613,0.0756834248083038
"2017-09-14",-0.861786285622257,-0.570950478871057,-0.110132385082817
"2017-09-15",1.00574381208665,6.13049506993597,0.184547754615938
"2017-09-18",-0.759641457237015,4.04773015401416,0.14548619291288
"2017-09-19",0.0377724544144975,-0.106651848310668,0.110957961673197
"2017-09-20",-1.69001221279639,-0.809260552497482,0.0634146702309657
"2017-09-21",-1.73211254033392,-2.77162109405997,-0.305056594691511
"2017-09-22",-0.982690552011123,-0.978404576657188,0.0647583995166734
"2017-09-25",-0.886109409219449,-4.57225008851785,-0.222452269985407
"2017-09-26",1.70569983841218,0.55984115474299,0.00721641258953909
"2017-09-27",0.70923992679619,2.16870623983114,0.407682240198781
"2017-09-28",-0.61781761673525,-0.028450745884423,0.1203890628938
"2017-09-29",0.546498429957554,1.74356754983733,0.369826306849852
"2017-10-02",-0.201356565436539,0.128585889990807,0.38665188297129
"2017-10-03",0.434666573044407,0.206494242661459,0.21565111846602
"2017-10-04",-0.649468960487987,0.832745942783664,0.124594366111364
"2017-10-05",1.23680855770778,-0.055302596421436,0.56309040312934
"2017-10-06",-0.0579298362445968,0.292791087350452,-0.107421116523998
"2017-10-09",0.347066185893219,2.2308380430442,-0.180606386801418
"2017-10-10",0.0385318851906735,1.89148621500301,0.231971963047872
"2017-10-11",0.416036605125614,1.05826838277945,0.18018829296631
"2017-10-12",-0.351909314517451,0.0471728677548411,-0.168817712035096
"2017-10-13",0.632589592803123,1.84639085574336,0.0877722004846149
"2017-10-16",1.82413841567448,1.70189621713273,0.174922253230569
"2017-10-17",0.368372562896013,-0.0910180649782211,0.0672352905433549
"2017-10-18",-0.44342910754378,-0.0859799795477789,0.0742059511329884
"2017-10-19",-2.39449153074083,0.111285213674805,0.0327944115010581
"2017-10-20",0.172953364930573,-0.456074026932285,0.510379618502999
"2017-10-23",-0.0512290362516321,-0.142271240918057,-0.398039531299688
"2017-10-24",0.593742911167183,1.04224206473511,0.161660087455839
"2017-10-25",-0.440176387808133,-2.55916786690233,-0.467395568726037
"2017-10-26",0.637309865794089,1.04280619143635,0.127013925060204
"2017-10-27",3.52030356003583,3.1042199415305,0.804060997972744
"2017-10-30",2.22589422815727,0.976126082971951,-0.31975773767412
"2017-10-31",1.38195178657829,1.44651085014471,0.0944012936679783
"2017-11-01",-1.28004644280391,0.188387508464305,0.159084410790378
"2017-11-02",0.72835797659514,-0.609930702526662,0.0189947769666965
"2017-11-03",2.57789514235034,1.32650154828644,0.309228932631456
"2017-11-06",1.00933831705947,0.449385001066882,0.127044388477593
"2017-11-07",0.320867944148118,1.1383856805036,-0.0189120805082155
"2017-11-08",0.814744137963475,-1.36283499690468,0.144261393206069
"2017-11-09",-0.204492822819846,-1.85299316923817,-0.376898133936976
"2017-11-10",-0.331479421260283,5.13568642233542,-0.0898046976053557
"2017-11-13",-0.401610182778045,-1.63727525118045,0.0983150911292974
"2017-11-14",-1.52328307443423,0.726321660578488,-0.231228056028243
"2017-11-15",-1.32777892727889,-1.98045801175351,-0.554099874212355
"2017-11-16",1.18763777017281,0.773273610786251,0.816265278297212
"2017-11-17",-0.556786769646056,-0.118204912927444,-0.26294169788974
"2017-11-20",-0.0999876431318825,1.27869862404442,0.127486988879078
"2017-11-21",1.84198223012473,0.915979698351621,0.651983887975227
"2017-11-22",1.04568498512307,-0.450293774400645,-0.0750542703329415
"2017-11-24",0.00572239842586697,0.94007398839191,0.205398427823233
"2017-11-27",-0.504247087186416,-1.30831963557239,-0.0384331586803732
"2017-11-28",-0.587572005702697,-1.61470275631159,0.980033219679388
"2017-11-29",-2.09614983173969,-7.02275446917726,-0.0369293882791055
"2017-11-30",1.38869780195559,2.16059219167419,0.815758666281141
"2017-12-01",-0.466606664601432,-1.52115712797241,-0.202658293580527
"2017-12-04",-0.733418884596748,-5.73607569182462,-0.105271054928657
"2017-12-05",-0.0943205141580084,0.576924329575412,-0.374639052595516
"2017-12-06",-0.372076053794856,0.806341182257819,-0.0114112170530589
"2017-12-07",0.183302762597126,1.43219238833574,0.292806701010928
"2017-12-08",0.0294940129678345,-0.260755367942944,0.549120203551823
"2017-12-11",1.92966248172746,1.64183371609903,0.319684212169591
"2017-12-12",-0.56336258632812,-1.98187995931867,0.154772372208978
"2017-12-13",0.331420406877569,-2.47213014824761,-0.0473068970150869
"2017-12-14",-0.0289974416388894,0.155613051557246,-0.407916773076256
"2017-12-15",1.01098263426587,2.69307291034999,0.893431341014317
"2017-12-18",1.39847332996523,3.25611305951075,0.534847857959697
"2017-12-19",-1.07134221810199,-0.908621135562471,-0.323549804311796
"2017-12-20",-0.108918596582619,0.351200756533054,-0.0828236073572519
"2017-12-21",0.377827443078438,-0.463446501648579,0.198368701265839
"2017-12-22",0,-0.317019258969298,-0.045827163811385
"2017-12-26",-2.56972027722338,1.10511982923294,-0.105897570005897
"2017-12-27",0.0175696871932196,-0.136851315774855,0.0790628310242347
"2017-12-28",0.28097284606039,0.116629848037708,0.183231900291947
"2017-12-29",-1.08725587914398,-1.99545296528216,-0.519663229274769
"2018-01-02",1.77462482709854,2.97845322645172,0.82690782183974
"2018-01-03",-0.0174288088599539,6.37385677351094,0.63784332439365
"2018-01-04",0.463426631380592,0.525738760623606,0.40205428553266
"2018-01-05",1.13207121605514,0.843859711189721,0.70091458885857
"2018-01-08",-0.372087685639011,3.01805814922662,0.16609637672973
"2018-01-09",-0.0114858265869433,-0.0270340535786895,0.130208351729788
"2018-01-10",-0.0229381267527362,0.780940425414989,-0.111284581152038
"2018-01-11",0.566392258726056,0.178686593063548,0.700902576888129
"2018-01-12",1.02736742110565,-0.492125973006341,0.672692639909478
"2018-01-16",-0.509513744816781,-1.29548236118291,-0.353071326160315
"2018-01-17",1.63814653048679,2.07280312516565,0.937100620650266
"2018-01-18",0.0892860661169781,-0.12467265148639,-0.161769749747354
"2018-01-19",-0.447257129280887,2.49490079333698,0.437564798698986
"2018-01-22",-0.821493665359618,1.5437809924669,0.803436438221361
"2018-01-23",0.0225592870782609,2.20917624141146,0.217200496822212
"2018-01-24",-1.6056789108605,-1.31032006451743,-0.0560132547231973
"2018-01-25",-1.80120759835187,0.232986884779551,0.0602439398832644
"2018-01-26",0.233503188634598,2.9104501921742,1.17716381060839
"2018-01-29",-2.0915527949068,1.43624304221661,-0.675473628486234
"2018-01-30",-0.591217979510494,-1.68721121141504,-1.09586428053374
"2018-01-31",0.275162244542759,1.26096973318162,0.0488865858694787
"2018-02-01",0.208806173624065,-2.17983098864927,-0.0648298352023069
"2018-02-02",-4.4360015952928,-2.94521498410094,-2.14366805166994
"2018-02-05",-2.5301361500309,-8.86947591739144,-4.18425409383811
"2018-02-06",4.09419478230215,5.41018496132561,1.72905733489372
"2018-02-07",-2.16400282390143,1.41731800350526,-0.501413822375252
"2018-02-08",-2.79018535949973,-5.05571836036511,-3.82590522458015
"2018-02-09",1.21574697947149,6.47911359104938,1.48256451995241
"2018-02-12",3.94885796313935,-1.76047844764877,1.3818665678186
"2018-02-13",0.996785982110593,1.99720376301669,0.260952198027731
"2018-02-14",1.82692727832325,3.70888418660884,1.3313439808897
"2018-02-15",3.30271247014768,2.08237172261418,1.19968617767761
"2018-02-16",-0.324252889942578,-1.08493657912707,0.0373399649920891
"2018-02-20",-0.336911970074816,2.12615542911223,-0.585851710683727
"2018-02-21",-0.454941403448883,-3.08632944887428,-0.551166448331042
"2018-02-22",0.832467283600824,0.326796344510272,0.0973077485578067
"2018-02-23",1.72415372356243,1.54897205255549,1.59012782451207
"2018-02-26",1.95794163494143,0.263966923823045,1.16884386206273
"2018-02-27",-0.324607655866771,-0.211149174260927,-1.27883114414669
"2018-02-28",-0.15146623423572,-1.66378716793849,-1.11578060836566
"2018-03-01",-1.76713303930507,-4.12955306472644,-1.3413965854876
"2018-03-02",0.689033265947181,1.84756383498506,0.505878548519867
"2018-03-05",0.345582522729782,-0.37700387565418,1.09716176105259
"2018-03-06",-0.0848749838465057,2.72510736975311,0.263538293199694
"2018-03-07",-0.932648202525632,-0.132224335317588,-0.0483991825716679
"2018-03-08",1.08533824827339,-0.273281119429192,0.445314820888498
"2018-03-09",1.70352355118069,1.70607822561233,1.72295467412074
"2018-03-12",0.962091009006949,1.78962519709787,-0.127479733799785
"2018-03-13",-0.967649599192644,-0.824182634123782,-0.638391041431507
"2018-03-14",-0.853806157787718,0.414932735119145,-0.574096982518846
"2018-03-15",0.117601593649574,0.24096856133986,-0.0782236399096803
"2018-03-16",-0.353220499989915,0.456131765624779,0.170199794723214
"2018-03-19",-1.53973992013841,-3.85821777733166,-1.43060405413742
"2018-03-20",-0.034200439314791,3.49826928452719,0.148070866171945
"2018-03-21",-2.29150510010117,-0.409530126117619,-0.184569212562913
"2018-03-22",-1.42309511220082,-2.73666394791023,-2.54848869728548
"2018-03-23",-2.3428970753701,-3.74080811096664,-2.11898073117505
"2018-03-26",4.63794732349205,4.82240274092791,2.67950407060349
"2018-03-27",-2.59755805561186,-8.07247246582736,-1.74272856453213
"2018-03-28",-1.11104253890568,-1.86636748091358,-0.292091889946278
"2018-03-29",0.777856681903399,4.52232864161559,1.36757774938436
"2018-04-02",-0.657774622639806,-4.6579638192972,-2.25906823434965
"2018-04-03",1.02068928638372,1.92660176318751,1.25359613157414
"2018-04-04",1.89418963045376,0.394158753996487,1.15001023464467
"2018-04-05",0.691018724933112,-2.17157106182186,0.683942140165161
"2018-04-06",-2.59113022391682,-3.27375860096593,-2.21640670570658
"2018-04-09",0.986897058068825,0.539986042369844,0.33309949675937
"2018-04-10",1.86429507591286,5.6407903241775,1.65885989963135
"2018-04-11",-0.468622130038376,-0.735446703759557,-0.554068577246092
"2018-04-12",0.981027759482522,3.62855952852572,0.821689869765674
"2018-04-13",0.338251723533212,-1.33022295715592,-0.289079982670692
"2018-04-16",0.62184754424286,-0.00433151369487739,0.80763368015635
"2018-04-17",1.3670452407859,2.5799431004697,1.06050716138668
"2018-04-18",-0.224668851987353,-0.49373249487894,0.0831020407552785
"2018-04-19",-2.87494319608363,-3.15020712692855,-0.574258179583254
"2018-04-20",-4.18352673130871,-0.144187951966335,-0.857317718835215
"2018-04-23",-0.290055823320445,-2.13444539575138,0.00562301111841634
"2018-04-24",-1.40167862341576,-1.20430822230893,-1.34708880064753
"2018-04-25",0.434754556439776,-2.07378807546847,0.183537423282409
"2018-04-26",0.347711817087948,3.87482056022641,1.03801441873763
"2018-04-27",-1.16371551376053,0.491670732781113,0.111300527136393
"2018-04-30",1.79504540996365,-0.633856057154958,-0.822119254892062
"2018-05-01",2.29702746900151,0.99112027859658,0.254580217102696
"2018-05-02",4.32270455656218,-0.36612533602538,-0.723195120140208
"2018-05-03",0.181085701875361,2.90899402121418,-0.225621758506378
"2018-05-04",3.84830503495688,2.57191716195324,1.27298100283344
"2018-05-07",0.720910094475924,3.94522945675195,0.345198055499019
"2018-05-08",0.479498772428277,0.689282343298148,-0.026567661173349
"2018-05-09",0.701634065689571,2.12581664917886,0.963564793486871
"2018-05-10",1.42026006676699,1.68633738108372,0.932701160384841
"2018-05-11",-0.381030924138859,-2.17624577601048,0.170613927096142
"2018-05-14",-0.233606295544142,0.32552288459553,0.0883099510126328
"2018-05-15",-0.912947790592389,-3.91328132561672,-0.686565504399095
"2018-05-16",0.928896753943587,0.183082490156972,0.40523398475143
"2018-05-17",-0.634387347565069,0.688665126154642,-0.0856238788609964
"2018-05-18",-0.364282428665019,-0.717106558262892,-0.263566525455072
"2018-05-21",0.705973696524609,-0.69365438788358,0.735960454793361
"2018-05-22",-0.25080165609328,-0.632508570002588,-0.314068859287531
"2018-05-23",0.639112326712743,2.03641346410683,0.324314520689928
"2018-05-24",-0.111563554265182,0.0605962065948207,-0.202526295772287
"2018-05-25",0.228287494194523,0.639889580493436,-0.236000305418571
"2018-05-29",-0.361248542446635,-0.277197928360917,-1.16315725117921
"2018-05-30",-0.213073238104533,1.75449688455027,1.26158753519237
"2018-05-31",-0.33657808880676,-0.31672807829195,-0.690333324343406
"2018-06-01",1.78730317049949,2.13028403359063,1.07907997092394
"2018-06-04",0.832329160166001,2.76783552242184,0.446959489835219
"2018-06-05",0.768557293741345,0.0830093428615841,0.0702346269576104
"2018-06-06",0.345968813288211,0.0301886618850444,0.853090063731177
"2018-06-07",-0.268384925225895,-0.852161716240651,-0.0714443621984806
"2018-06-08",-0.91392774040373,-0.236165191201643,0.31210289077519
"2018-06-11",-0.245504194590618,-0.63491460899805,0.106813700694008
"2018-06-12",0.547612164761357,0.749265325842541,0.174186727870396
"2018-06-13",-0.825138549666793,-0.0685859075642448,-0.403425454141182
"2018-06-14",0.0524229350915562,1.70414242591548,0.24685005225038
"2018-06-15",-1.03254458616275,-0.620117638537399,-0.101762031549413
"2018-06-18",-0.0529671735651327,-0.0641051521164782,-0.21283911808867
"2018-06-19",-1.62919063421616,-1.87339148432439,-0.403151795139145
"2018-06-20",0.435255888230746,0.81915388621645,0.171069022411263
"2018-06-21",-0.559214554515375,-2.00228998300114,-0.636572884322018
"2018-06-22",-0.291588406779919,-2.42503870089088,0.186020325513425
"2018-06-25",-1.4982891855837,-4.82880458423065,-1.38197229677708
"2018-06-26",1.23297458336973,1.19309425431811,0.220215050569639
"2018-06-27",-0.146502123762726,-2.62516752965585,-0.864158631314105
"2018-06-28",0.724992812783842,2.15708737290454,0.615968001903155
"2018-06-29",-0.210475407493282,-1.65777022943274,0.075811588751673
"2018-07-02",1.11205765531355,2.22910105253598,0.306326083429376
"2018-07-03",-1.75698253436605,-2.25441133286324,-0.495962928053384
"2018-07-05",0.801470416960548,2.45646500676457,0.858385674553741
"2018-07-06",1.37667336608613,1.87739404728959,0.844551760058021
"2018-07-09",1.37897333231489,0.773287035283543,0.878429078534193
"2018-07-10",-0.120750608119868,1.5920724192579,0.346724931882214
"2018-07-11",-1.30613934588033,-2.28451452389471,-0.71194863719164
"2018-07-12",1.66272100303062,1.4836924403772,0.871099158017152
"2018-07-13",0.156932047334291,-0.763165164835744,0.107865553660869
"2018-07-16",-0.219782376656363,-0.45021089097288,-0.102866462089857
"2018-07-17",0.282494766973729,2.18779594337513,0.396582434344328
"2018-07-18",-0.54996725681784,-0.787505789536658,0.215818207673735
"2018-07-19",0.774315689419991,0.131022257068203,-0.396082684904897
"2018-07-20",-0.229579311582295,-0.453370233664074,-0.0948897771274382
"2018-07-23",0.0887439841002369,-0.591656591982037,0.183636234323092
"2018-07-24",0.722841038756705,-0.281051378329589,0.47695188860537
"2018-07-25",0.938579264854456,1.26257021515814,0.906043507037246
"2018-07-26",-0.313597971881574,1.17226350884492,-0.303690274886748
"2018-07-27",-1.67717755977006,-1.11272406676677,-0.65838346448448
"2018-07-30",-0.561827815896887,-3.18075547279608,-0.577078931558717
"2018-07-31",0.199907102812169,0.298571204234044,0.487283721930254
"2018-08-01",5.72401033168908,0.655354026666521,-0.104089306757071
"2018-08-02",2.88117176737064,1.6697658845952,0.491434958220882
"2018-08-03",0.288906271056044,0.588785345243426,0.463343206534805
"2018-08-06",0.517896892501435,0.762671162885686,0.353198265080135
"2018-08-07",-0.941902876130518,1.14288547498129,0.282020174648601
"2018-08-08",0.0675687618393095,0.570474395791409,-0.0262414393294996
"2018-08-09",0.783408571202937,-0.761327914083854,-0.144271467704016
"2018-08-10",-0.298293924329807,-0.653302784061105,-0.713931226324505
"2018-08-13",0.643605512814771,0.520632656246534,-0.40140376659803
"2018-08-14",0.420437145664243,2.05205948954206,0.636893001641781
"2018-08-15",0.23333179619498,-0.902989440823565,-0.763120858137878
"2018-08-16",1.45439084192249,-0.635011440370814,0.788821455263822
"2018-08-17",1.97731228751166,-5.02632110962324,0.33176063752629
"2018-08-20",-0.97914479945711,1.2259821481718,0.242507490212862
"2018-08-21",-0.195122422982141,2.18702228505945,0.206639995462687
"2018-08-22",0.00464805390234524,3.68158143687096,-0.0398231054243858
"2018-08-23",0.204405691131937,1.51799167349884,-0.169269392353488
"2018-08-24",0.310414091606281,1.99614221106943,0.61797059282851
"2018-08-27",0.820117250197416,1.3427846346308,0.764114140711047
"2018-08-28",0.804303178573962,-0.552458863262517,0.0269242077598264
"2018-08-29",1.48191541475247,1.54150876170267,0.568524246891222
"2018-08-30",0.915176685897245,-0.244457466845827,-0.444017204445846
"2018-08-31",1.14875665079337,1.02777623135069,0.0134468467305027
"2018-09-04",0.320212724926483,1.07020094076105,-0.165569204887905
"2018-09-05",-0.654627890704829,-1.87865595276442,-0.280706280126619
"2018-09-06",-1.67569743696045,-2.06850388712216,-0.365899103661871
"2018-09-07",-0.81009845190696,-0.315849507675559,-0.221579789501369
"2018-09-10",-1.35116795584223,1.05015986328572,0.189602821469315
"2018-09-11",2.49685063764988,-0.705005652285684,0.373286568971487
"2018-09-12",-1.24964947173836,-1.70060954934834,0.0356608349894039
"2018-09-13",2.38679816836886,1.16399775563911,0.526835215939148
"2018-09-14",-1.14164287780278,1.85850766203057,0.027544390076617
"2018-09-17",-2.69866585163632,-0.908513566202296,-0.558529099154903
"2018-09-18",0.165090431780923,-1.06801686788829,0.535465286762538
"2018-09-19",0.0595149746986934,0.353615778633753,0.125248803317213
"2018-09-20",0.757330892751229,-2.11804080784019,0.781001418532856
"2018-09-21",-1.08295098890991,-1.06845134655167,-0.0368600937006747
"2018-09-24",1.42778802404742,0.850421381990851,-0.352188231401396
"2018-09-25",0.632056912215884,1.014741500113,-0.130594849311816
"2018-09-26",-0.799810291635383,-0.556639747642174,-0.329469968115959
"2018-09-27",2.03435664461376,0.179658327759125,0.275947622851103
"2018-09-28",0.35057767155755,4.96802012872326,-0.0006870144138027
"2018-10-01",0.671061113064919,2.92457834019544,0.363449234219804
"2018-10-02",0.884926658153651,-1.00027436189081,-0.0396768910278844
"2018-10-03",1.20952705371447,0.0872425992302084,0.0711266736718841
"2018-10-04",-1.77374882893595,-2.62906737168103,-0.820303542101009
"2018-10-05",-1.63619665801518,-3.43472531586211,-0.554331458462265
"2018-10-08",-0.232077331576841,-1.52718012719115,-0.0395194708349145
"2018-10-09",1.37582696234313,-0.0865606137756547,-0.141890983415482
"2018-10-10",-4.74336293242494,-7.76951646574295,-3.34163890426016
"2018-10-11",-0.886697680183479,-4.39321452681511,-2.07875799725414
"2018-10-12",3.50962972601616,4.73855475553502,1.41062354083763
"2018-10-15",-2.16179263555061,-4.63228577446182,-0.592248229130021
"2018-10-16",2.17979183552166,4.34391395557154,2.1267828034901
"2018-10-17",-0.433096499880037,-1.13322584253459,-0.0252694262664832
"2018-10-18",-2.36509884516964,-1.46293086787759,-1.44964905753406
"2018-10-19",1.51152894277642,-4.42148627797101,-0.0361235135279969
"2018-10-22",0.609154648936538,0.89059124546389,-0.430879709647769
"2018-10-23",0.938230992806499,-4.49356676206791,-0.552707618069448
"2018-10-24",-3.49036378715102,-10.3071028334727,-3.13507738611403
"2018-10-25",2.16616474654421,4.1405424827472,1.84537179787139
"2018-10-26",-1.60518157610272,-4.70384393724055,-1.74791380100032
"2018-10-29",-1.8948587033611,-6.60285082190137,-0.658120829519415
"2018-10-30",0.498190422658595,8.95044431786791,1.5545322971878
"2018-10-31",2.5732767310152,3.78460818171213,1.07928787545708
"2018-11-01",1.52354373342352,3.39474023227169,1.05024988685294
"2018-11-02",-6.86326050347161,-1.47338562719226,-0.633672105588001
"2018-11-05",-2.87990471054349,-1.47647238750364,0.558469369719461
"2018-11-06",1.0755496376782,-0.335844056547718,0.623978774440825
"2018-11-07",2.98777547493043,1.28517826632797,2.09870785607738
"2018-11-08",-0.349528993761528,-3.71665932174221,-0.251206898849077
"2018-11-09",-1.94696578968543,-0.155466274877636,-0.92415859153725
"2018-11-12",-5.1687312786763,-8.16730161682269,-1.98981509854681
"2018-11-13",-1.00415446178421,5.02614944030015,-0.14830188221735
"2018-11-14",-2.86540682507996,-1.06938596763717,-0.759618881845103
"2018-11-15",2.43791792193635,2.6028828399399,1.05380327426428
"2018-11-16",1.10147836865289,-20.7711693732649,0.222083753748326
"2018-11-19",-4.04385400723548,-12.7822056825408,-1.6783161235721
"2018-11-20",-4.89571105242308,2.98203315305043,-1.83179955565862
"2018-11-21",-0.113071885739213,-2.97515179604411,0.303866931076691
"2018-11-23",-2.57270195222561,0.200205414571841,-0.657641971185541
"2018-11-26",1.34331981606919,5.40310696245201,1.54129758453667
"2018-11-27",-0.217834791821225,0.443325584519894,0.325638436461251
"2018-11-28",3.77316125946106,4.04133042455412,2.27140513031143
"2018-11-29",-0.77117740496413,-1.60750933476359,-0.218549454539385
"2018-11-30",-0.541702375579778,3.78489745060464,0.813754771661745
"2018-12-03",3.4345887616555,3.96482789126582,1.08820017943625
"2018-12-04",-4.49857694759253,-7.90870093810114,-3.29002288385558
"2018-12-06",-1.12123027126669,0.748240911152909,-0.152338791414408
"2018-12-07",-3.63080715794881,-6.98549327742575,-2.35963354563227
"2018-12-10",0.656637728734122,2.83851050632609,0.176060322291693
"2018-12-11",-0.573583473591777,-2.44636365836712,-0.0356409675306146
"2018-12-12",0.278329725940241,0.477963254742542,0.540487101035136
"2018-12-13",1.08808254178054,-0.00671339565778695,-0.0199950312414821
"2018-12-14",-3.2520625305053,-1.6523473138127,-1.92712122687002
"2018-12-17",-0.934987580598712,-1.9791780312914,-2.09922848285764
"2018-12-18",1.29088939472308,2.31319290752505,0.00863968537885285
"2018-12-19",-3.16886183395577,-5.90820403779913,-1.55154591759361
"2018-12-20",-2.55585105858986,-2.49272347307385,-1.58978094841045
"2018-12-21",-3.96720917987898,-4.17939258067463,-2.08031204985408
"2018-12-24",-2.62148479544617,-1.94041902818765,-2.74865728783142
"2018-12-26",6.80524293221381,4.62838746829923,4.84031776708056
"2018-12-27",-0.651048466812387,-1.46067593897909,0.852622896881616
"2018-12-28",0.0511829684807896,1.87303072929139,-0.124235391023131
"2018-12-31",0.961890694022793,-0.112293840752309,0.845662586220719
"2019-01-02",0.114046628125397,2.01695766058794,0.126769306262631
"2019-01-03",-10.492445901354,-6.23190832225156,-2.50683318189155
"2019-01-04",4.18034906185212,6.20991293892872,3.37593990603473
"2019-01-07",-0.222844229484043,5.15867535357317,0.698597599522977
"2019-01-08",1.88838015466657,-2.52105660899054,0.964858733649709
"2019-01-09",1.68391798682448,1.94758694137873,0.408967133282179
"2019-01-10",0.319064207278252,1.84154849577098,0.450824137446215
"2019-01-11",-0.986612067877246,2.44861036243436,-0.0146308544482388
"2019-01-14",-1.51510927992651,1.07594696709779,-0.527139458724957
"2019-01-15",2.02598563207266,-0.379574873773048,1.0664618879761
"2019-01-16",1.21422726379534,-0.689655991961402,0.221952052908847
"2019-01-17",0.592053841936213,1.91647998536366,0.756273070623603
"2019-01-18",0.61407136678997,3.37630630044721,1.30969128398553
"2019-01-22",-2.27022022775727,-5.33982142897713,-1.42584768279717
"2019-01-23",0.403634711580114,0.34891002740407,0.22004899194501
"2019-01-24",-0.795784570379299,5.56910314688757,0.13747801109778
"2019-01-25",3.25997502768964,1.45291960020255,0.845286770051779
"2019-01-28",-0.929754910366887,-14.8784763580691,-0.787777584870852
"2019-01-29",-1.04188592644685,-4.75589818495614,-0.1457307935115
"2019-01-30",6.61008475323657,4.30565943903822,1.54296098915596
"2019-01-31",0.717540738383882,4.52518163636948,0.85606488097687
"2019-02-01",0.0480677206390112,0.67942198457871,0.0898206584806438
"2019-02-04",2.80090902358601,3.02838379207193,0.675338111747958
"2019-02-05",1.69647260582551,0.514803858104029,0.46973704373503
"2019-02-06",0.0344534590293488,2.01362466083985,-0.222691571750833
"2019-02-07",-1.91211384348553,-3.71522808624689,-0.940119320223065
"2019-02-08",0.1174215398839,0.50744889061678,0.0675972566012817
"2019-02-11",-0.576754670602719,-1.16758636082757,0.0708851803818078
"2019-02-12",0.858029475027822,3.17206794133675,1.28078529028386
"2019-02-13",-0.416357721897187,1.12482974255241,0.30194315937111
"2019-02-14",0.363697100278104,1.07350145690854,-0.265516338369842
"2019-02-15",-0.222747193653827,1.80208023435422,1.0820004664958
"2019-02-19",0.298826551475084,-0.445903157649652,0.149762132659159
"2019-02-20",0.641465593119905,1.21200037372626,0.177553356074078
"2019-02-21",-0.565425338441639,-1.76896282647896,-0.353266932584173
"2019-02-22",1.11035063474918,2.17180750729828,0.639063869471101
"2019-02-25",0.725810367353885,-0.314558765347117,0.123110444975172
"2019-02-26",0.0573963503938124,-1.00704664232836,-0.0790769672840419
"2019-02-27",0.309260527095834,-1.08155926214675,-0.0544197436298077
"2019-02-28",-0.988466214439132,-0.639723910120038,-0.282950759895062
"2019-03-01",1.04563424764379,1.4096851567585,0.687165658871347
"2019-03-04",0.50167624870312,0.21071841834146,-0.388810739525525
"2019-03-05",-0.182134171413484,-0.165951573930445,-0.113217348970718
"2019-03-06",-0.577069760833826,-2.89745921286544,-0.654547360412483
"2019-03-07",-1.16420835222621,-1.85198757930976,-0.815891113833089
"2019-03-08",0.237403519955182,0.920325566904445,-0.213396413145439
"2019-03-11",3.40555685337622,6.73807218152815,1.45595355634898
"2019-03-12",1.11731951128937,0.852774979968185,0.294896572780523
"2019-03-13",0.441217623236501,3.68461818314969,0.692554675701906
"2019-03-14",1.1055249906005,-1.83137077487079,-0.0868399331595882
"2019-03-15",1.29241300369909,2.5346283787606,0.497251940843046
"2019-03-18",1.01569706704336,-0.507709929533151,0.369909679890856
"2019-03-19",-0.795630115430468,3.92317833054383,-0.0130570079926784
"2019-03-20",0.870057904683064,-0.748336284229323,-0.294869674076992
"2019-03-21",3.6168358104387,5.32580717317648,1.07940154946888
"2019-03-22",-2.09256767660646,-3.56386996828431,-1.91568271342728
"2019-03-25",-1.21648046075404,-2.1180719552387,-0.0839372833310037
"2019-03-26",-1.03856236494653,1.76250610266475,0.715705294793434
"2019-03-27",0.89540589767445,-0.209443609131643,-0.46551432765991
"2019-03-28",0.132552706170053,0.424034367297521,0.358305471526155
"2019-03-29",0.649639373574029,1.29485726438707,0.671170604332438
"2019-04-01",0.67684497699041,1.50343267456181,1.15021955180445
"2019-04-02",1.44317522891568,0.394189567117276,0.00174555548584365
"2019-04-03",0.683176442116062,3.02485048700596,0.214607242008924
"2019-04-04",0.173897267449208,-0.191043519956291,0.208246524299405
"2019-04-05",0.667191470251005,1.41874906940405,0.462571762309949
"2019-04-08",1.56134109098023,0.438963920823809,0.104691175052363
"2019-04-09",-0.300287437193081,-1.32793511589524,-0.608597643566977
"2019-04-10",0.559822454544889,1.48944327183529,0.347183775449977
"2019-04-11",-0.835899795905704,-0.291962509319599,0.00381223403422837
"2019-04-12",-0.0402281847273311,-0.801968455233393,0.658757838954571
"2019-04-15",0.180859314340021,-2.83441239642612,-0.0629567244356366
"2019-04-16",0.0100283266132539,1.88255182888961,0.0509228325139333
"2019-04-17",1.92860997032662,-0.489996909653589,-0.227640082073854
"2019-04-18",0.358715275445665,-0.529989607214865,0.157784682425
"2019-04-22",0.328122714752332,1.15804075153183,0.101150581693243
"2019-04-23",1.43204710909632,1.16053150266231,0.880235117499506
"2019-04-24",-0.154354353575714,0.261886593529126,-0.219416860303578
"2019-04-25",-0.91167131021388,-2.25355508177785,-0.0369041740272635
"2019-04-26",-0.478556943936415,-4.83382116422288,0.467435032330421
"2019-04-29",0.151650656925639,0.693825671163872,0.107094850423461
"2019-04-30",-1.94437561804071,0.926943459590146,0.0950964698791523
"2019-05-01",4.79183584640994,-0.293225124732133,-0.753044585029183
"2019-05-02",-0.65288769961267,1.49592945832342,-0.212624464868227
"2019-05-03",1.23548093938828,-0.0983338700552894,0.95921274789168
"2019-05-06",-1.55635171240212,-1.74175269497776,-0.448101318907224
"2019-05-07",-2.73267113995619,-3.81954676160456,-1.66494880889054
"2019-05-08",0.0197047004482531,0.466797148480569,-0.160671538942037
"2019-05-09",-1.08021789120158,-2.1679957822837,-0.302599866192832
"2019-05-10",-1.39504499258787,-0.808265136513775,0.371339406991922
"2019-05-13",-5.98768604633477,-6.33937561417941,-2.44264691384979
"2019-05-14",1.57064521526995,2.24041810657363,0.798398752321638
"2019-05-15",1.19079417271872,-1.52979497260637,0.582199432772246
"2019-05-16",-0.440935768858175,0.381530078634973,0.885595711649945
"2019-05-17",-0.569806238071768,-2.31128867345429,-0.585443717404388
"2019-05-20",-3.17692883504175,-3.10132593387042,-0.677225797540526
"2019-05-21",1.89895063081691,2.15775614669274,0.845994909319092
"2019-05-22",-2.0684103722088,-1.86166858556531,-0.282839236389965
"2019-05-23",-1.72170382183991,-3.25882366089132,-1.19856922412822
"2019-05-24",-0.384802991823152,-1.48394607686035,0.135264377203725
"2019-05-28",-0.414325097692236,-1.26181061414217,-0.841095000026026
"2019-05-29",-0.478046543717836,-2.10815092243744,-0.693591016723083
"2019-05-30",0.517308577375042,-0.766234916569442,0.209627267499712
"2019-05-31",-1.82813580806167,-2.65887517970156,-1.32832052504535
"2019-06-03",-1.01619742510404,-1.24796612443092,-0.276907065430798
"2019-06-04",3.59307566332885,6.66481867728967,2.12059270810778
"2019-06-05",1.6014474322926,-1.21011126507065,0.812872697881328
"2019-06-06",1.45750027282441,1.75405711586669,0.611684067600482
"2019-06-07",2.62688096353414,1.18917507569161,1.04429792472596
"2019-06-10",1.26984273714563,1.99374540670703,0.464922007476609
"2019-06-11",1.1513105280974,1.55095300802002,-0.034994145795153
"2019-06-12",-0.318775673448979,-3.0647491113823,-0.203965782723703
"2019-06-13",-0.0205836061346609,1.39919537252786,0.408901050284971
"2019-06-14",-0.728905231328936,-2.47195457764482,-0.161281178615269
"2019-06-17",0.594901400941472,0.269282221448575,0.0931315432352697
"2019-06-18",2.32459994388559,5.27124979069336,0.967048959297045
"2019-06-19",-0.29271068707879,0.156854681222107,0.298071679302403
"2019-06-20",0.800373046908298,0.638003279322596,0.94276053358735
"2019-06-21",-0.341503362863538,-1.53015529820797,-0.126001627972805
"2019-06-24",-0.100646077852362,0.591295850099183,-0.173338846058702
"2019-06-25",-1.52737737348168,-0.775968085985435,-0.954177564038794
"2019-06-26",2.13984614126708,5.00844819058988,-0.123469567880363
"2019-06-27",-0.0300338704255054,2.46221950699743,0.381588579259073
"2019-06-28",-0.915348779910197,0.610787685456016,0.574094184059959
"2019-07-01",1.8174375118202,1.17431450761407,0.764301861095351
"2019-07-02",0.583750435344621,-2.39959600176558,0.292384727698902
"2019-07-03",0.825278843333033,0.320000424602873,0.764309566068366
"2019-07-05",-0.0880951503284155,-1.5604694905996,-0.180753420454849
"2019-07-08",-2.0829498877863,-1.90280313992937,-0.484717301012338
"2019-07-09",0.608080890086216,0.0635780285114684,0.123579305845389
"2019-07-10",0.984017518033209,1.73305654749953,0.450054693608237
"2019-07-11",-0.730895180644309,3.81244101526739,0.228261957894915
"2019-07-12",0.7653282943477,0.796666294122139,0.460953430206601
"2019-07-15",0.935134614062605,-0.203074657651126,0.0175853728384467
"2019-07-16",-0.346606510885428,-0.1136309427616,-0.340958455501017
"2019-07-17",-0.563933551072227,1.56183830208565,-0.65526654660939
"2019-07-18",1.12956324126099,0.276543780759675,0.357559770881899
"2019-07-19",-1.5040185686336,-1.02770906718537,-0.619588946484395
"2019-07-22",2.25970382966016,1.69533529875565,0.282470168624993
"2019-07-23",0.778720504083008,2.50170178621689,0.682414513927654
"2019-07-24",-0.0814066084620979,1.69343821713877,0.467719281347634
"2019-07-25",-0.793889551945659,-2.99986020267613,-0.527629648360062
"2019-07-26",0.34721214848088,0.970019152429358,0.736053577078266
"2019-07-29",0.929528271765001,-0.142902234497511,-0.161742192905656
"2019-07-30",-0.43017023623726,0.359746083622126,-0.258198537204457
"2019-07-31",2.01988817265422,-3.91136775023282,-1.09452069521394
"2019-08-01",-2.18767718920381,-2.2780027280985,-0.903952756880599
"2019-08-02",-2.13852561693311,-2.28771759568562,-0.73093885395652
"2019-08-05",-5.3767338080454,-6.66954835710796,-3.02301821696949
"2019-08-06",1.87531765580551,1.02923728833955,1.29330239111667
"2019-08-07",1.03020136635465,1.00577110567805,0.0766582333858956
"2019-08-08",2.18161881845504,2.80010268909405,1.85884624668651
"2019-08-09",-0.827451482752073,-2.61182554245003,-0.663859313365744
"2019-08-12",-0.254069532454082,-1.78653181915174,-1.2393809115915
"2019-08-13",4.14763419537052,2.99209148831465,1.50183462673015
"2019-08-14",-3.0216905370962,-3.90747491667023,-2.97303524545356
"2019-08-15",-0.499416306010048,-0.870028329200889,0.246123669818044
"2019-08-16",2.33204651734371,7.00185747365218,1.43230581722449
"2019-08-19",1.84727557398157,6.79561166180749,1.20331755643974
"2019-08-20",0.00474710766682485,-1.71861636727366,-0.794621531211526
"2019-08-21",1.07801776931846,1.98179174657094,0.82129795573529
"2019-08-22",-0.0846627759295338,0.145862455014578,-0.050620295927839
"2019-08-23",-4.73228572709092,-5.41579669498993,-2.62888811228379
"2019-08-26",1.88208760671129,1.8360373765407,1.0923112730798
"2019-08-27",-1.13480333145968,-2.23077489513863,-0.320832180055675
"2019-08-28",0.668820047739915,-0.260200220030748,0.652415153056296
"2019-08-29",1.67897650961435,3.52242002639944,1.26074824410942
"2019-08-30",-0.129255218682633,0.30492319432267,0.0642580759876665
"2019-09-03",-1.4670286187036,-2.01408955472733,-0.69230093326853
"2019-09-04",1.6823967324171,2.75754023850248,1.07837252784213
"2019-09-05",1.93627915484371,6.30334809141482,1.29259129217596
"2019-09-06",-0.00934207940530563,-0.608260832367291,0.0910190804376931
"2019-09-09",0.425776091576191,1.03019284267578,-0.00940146788996898
"2019-09-10",1.17437225179353,1.47389354823189,0.0322252425930536
"2019-09-11",3.13000955640521,0.625807006220813,0.720367232638708
"2019-09-12",-0.223868905974678,-0.0325543272758022,0.287501627823339
"2019-09-13",-1.96457415725679,-1.27250615874903,-0.0724676876965091
"2019-09-16",0.524316618636522,-0.955420638271964,-0.314051291635664
"2019-09-17",0.363173718074705,0.47611313072351,0.257842537246233
"2019-09-18",0.933538261131606,-0.603811348793104,0.0342633284267535
"2019-09-19",-0.815802457057213,-1.70350837929929,0.00199745219298109
"2019-09-20",-1.47260802429749,-2.43124529033609,-0.490759910488059
"2019-09-23",0.453664353173577,1.23728475010398,-0.00969406178281673
"2019-09-24",-0.476635071962628,-1.32997186626724,-0.845198896355193
"2019-09-25",1.52726617917547,3.25033039401026,0.613968524196373
"2019-09-26",-0.517116422904218,-0.500546168619964,-0.243187100961251
"2019-09-27",-0.487796899032533,-3.19707934922806,-0.533053457912924
"2019-09-30",2.32624549765754,1.33589444184972,0.503491021524916
"2019-10-01",0.276451350649909,-0.0402054802470353,-1.23341269454134
"2019-10-02",-2.53873430456699,-0.553263077354549,-1.80654041876434
"2019-10-03",0.845858331203475,4.66857376165661,0.79403047738662
"2019-10-04",2.76460711049098,0.363352620506974,1.41167852392599
"2019-10-07",0.0220547529569348,1.28856298559108,-0.448835227368161
"2019-10-08",-1.17842035011408,-3.92795992289268,-1.56831595521103
"2019-10-09",1.16521889913987,1.94453065016571,0.906329651484583
"2019-10-10",1.33882515108827,1.27565282067001,0.639520241178282
"2019-10-11",2.6250476538678,1.60430694174887,1.08795796737891
"2019-10-14",-0.144020457081062,0.289926661848194,-0.13880816732188
"2019-10-15",-0.233450285933401,5.14086165241601,0.990644537648855
"2019-10-16",-0.404536469998273,-1.10607383703814,-0.200154455319357
"2019-10-17",0.387500248727424,0.0412153814195904,0.275902196977462
"2019-10-18",0.479162511417641,-1.97524344898101,-0.392704570979951
"2019-10-21",1.71940369426835,2.85658415230501,0.68481141053347
"2019-10-22",-0.228941339924393,-0.204268368646843,-0.35750492583766
"2019-10-23",1.33296028022434,-0.26617519471106,0.284310334583004
"2019-10-24",0.164386203060829,0.903176069627376,0.19186046591706
"2019-10-25",1.22405791996769,3.82707506313138,0.4064429510656
"2019-10-28",0.996745840800628,1.09403553574765,0.556581991611793
"2019-10-29",-2.33997168189006,-1.88920648662365,-0.0832751956480138
"2019-10-30",-0.0123011134951057,0.039408755559811,0.324808940085752
"2019-10-31",2.23575567584806,-0.980137363468692,-0.302743863453969
"2019-11-01",2.79854701193969,0.777996014741578,0.961593055964727
"2019-11-04",0.654581780492958,3.83011338902275,0.369724580531283
"2019-11-05",-0.143798251951122,-0.423703706510747,-0.118640271182002
"2019-11-06",0.0427594041961576,-0.949100336492492,0.0702250592288678
"2019-11-07",1.14753639785272,0.341379094811467,0.272637524428099
"2019-11-08",0.273287481171725,-0.269145651177682,0.255740314511677
"2019-11-11",0.788749143556622,0.192324739267713,-0.196439541333859
"2019-11-12",-0.0915522395751545,0.684542153590995,0.156342330126336
"2019-11-13",0.953597817677121,-0.497386982619386,0.071128157011735
"2019-11-14",-0.694353810789838,0.58322965204316,0.0836692614456069
"2019-11-15",1.18094236754143,-2.70561678872898,0.76660287779724
"2019-11-18",0.502948247412593,3.88555533690467,0.050302632281074
"2019-11-19",-0.303685893532979,-2.04165321674457,-0.0592770099693496
"2019-11-20",-1.17101781462345,1.522103867364,-0.376325642094066
"2019-11-21",-0.449357424113384,-0.474668970429826,-0.158400608618869
"2019-11-22",-0.0878214827656265,0.337244311636153,0.217257394237613
"2019-11-25",1.7381616655995,4.77757754640247,0.747925188746734
"2019-11-26",-0.783899165326662,-1.9214942630104,0.219316364493949
"2019-11-27",1.33428737221495,0.643532744108333,0.416573562529976
"2019-11-29",-0.220522726120276,-0.689683542525743,-0.401928622998859
"2019-12-02",-1.16295810153133,-3.51686118991958,-0.8668483693965
"2019-12-03",-1.79912441983214,-0.762782804891327,-0.666022525804344
"2019-12-04",0.878750759982694,0.84396900479855,0.630365760877005
"2019-12-05",1.45648029560164,-0.325242219321131,0.149912692663001
"2019-12-06",1.91318227977302,1.62985551044952,0.909424603042552
"2019-12-09",-1.40991180024681,0,-0.31678336844756
"2019-12-10",0.58275500662468,0.849466159052126,-0.109753616898267
"2019-12-11",0.849314211862939,1.55804001435782,0.290393752935003
"2019-12-12",0.25453982319732,3.04954164254729,0.853866737555542
"2019-12-13",1.3501675323238,-0.0356846167731018,0.00725791502151907
"2019-12-16",1.69726997508421,0.51652165084608,0.712236094254237
"2019-12-17",0.196362063442468,1.38499299593793,0.0335236028460528
"2019-12-18",-0.239219302467308,0.533001655890653,-0.0432393640522832
"2019-12-19",0.100020734119166,2.55943573570405,0.444937882186558
"2019-12-20",-0.207300990576798,1.64693019424349,0.493259580433403
"2019-12-23",1.61861400149181,-0.230021467890196,0.0865768714298554
"2019-12-24",0.0950189872321872,-0.0837821101291825,-0.0195467302468444
"2019-12-26",1.96464084502646,0.238604242072382,0.511506241005399
"2019-12-27",-0.0379466813759777,-0.974681148301215,0.00339841396570506
"2019-12-30",0.591744231997371,-1.93956720941728,-0.579759607934882
"2019-12-31",0.727971542108019,1.27454889126848,0.294169064419059
"2020-01-02",2.25599753307684,1.94023815272868,0.834389536231583
"2020-01-03",-0.976921342765902,-1.61353729345144,-0.708490936495387
"2020-01-06",0.793618091274251,0.4184898081802,0.352714519427266
"2020-01-07",-0.471410737691791,1.20341180494536,-0.28071750845946
"2020-01-08",1.59581302900085,0.187361381460183,0.489047348564142
"2020-01-09",2.10187849398968,1.09229130457458,0.663321411690632
"2020-01-10",0.22580692370866,0.533486585414034,-0.285926248750634
"2020-01-13",2.11393970959275,3.08710896992608,0.695199404593438
"2020-01-14",-1.3595334944835,-1.88285878284926,-0.151568083689568
"2020-01-15",-0.429469747216338,-0.69394009892112,0.186845024368765
"2020-01-16",1.24486320109787,1.35895459406987,0.833174742223264
"2020-01-17",1.10098434669723,0.140550620388913,0.38547232474837
"2020-01-21",-0.679981425039689,-0.539014448514985,-0.265550036958473
"2020-01-22",0.356333426918276,0.871395301558109,0.0289034296681479
"2020-01-23",0.480431863322384,1.09351611940083,0.114032619335802
"2020-01-24",-0.288649432416221,-0.945685170604338,-0.908328942619363
"2020-01-27",-2.98459814619276,-4.19070422922809,-1.58557523568437
"2020-01-28",2.78965198627175,3.18355980444585,1.00033835003526
"2020-01-29",2.07160738306555,-0.984764681148675,-0.0867250143585352
"2020-01-30",-0.144991426533103,0.109901888852071,0.312945693021049
"2020-01-31",-4.53515149278587,-3.8906600123368,-1.78644435713622
"2020-02-03",-0.275002758385945,1.63604920109692,0.722842576123206
"2020-02-04",3.24801529077039,2.79017879924082,1.48693159175064
"2020-02-05",0.812136439708588,1.45814944546703,1.11877786589734
"2020-02-06",1.16292033855645,1.38219169625242,0.332015505700234
"2020-02-07",-1.3686208295038,-1.05173106572751,-0.541549100945993
"2020-02-10",0.473858315499154,4.42391979498453,0.729969012057374
"2020-02-11",-0.605173617100974,1.85365589969591,0.168704868600322
"2020-02-12",2.34700966853625,1.72087924957252,0.644185310520307
"2020-02-13",-0.714654552111416,-0.64787187786155,-0.163177635998935
"2020-02-14",0.0246210570861827,6.7849860357178,0.184183609848532
"2020-02-18",-1.84800103763099,2.31268020158948,-0.292421398614806
"2020-02-19",1.43788286307149,5.93367199296007,0.469474828428496
"2020-02-20",-1.0312286758956,-1.9250009253136,-0.382281742799684
"2020-02-21",-2.28947053449531,-4.85521889319931,-1.05738092328203
"2020-02-24",-4.86660301859256,-7.33209191368127,-3.40880794204406
"2020-02-25",-3.44586676596137,-4.19613180131468,-3.07479043753531
"2020-02-26",1.57392571387076,2.11445951671458,-0.378569732352929
"2020-02-27",-6.7602901069038,-5.72750839042431,-4.51681363522622
"2020-02-28",-0.0585341673465578,6.68740334185605,-0.827246310965268
"2020-03-02",8.90185811469539,2.32766902355317,4.50108687694133
"2020-03-03",-3.22748373740689,-3.88749955326979,-2.8510484922915
"2020-03-04",4.53413812889103,6.76855720605409,4.1336349360634
"2020-03-05",-3.29750035596481,-4.02347308004245,-3.45107824399822
"2020-03-06",-1.3369115790038,-2.68871993377005,-1.72009436523854
"2020-03-09",-8.23950044323878,-8.05940369052038,-7.90104129403719
"2020-03-10",6.95462501254056,6.17744902809239,4.82150524258591
"2020-03-11",-3.53483362299096,-5.7586576888637,-5.01028928086056
"2020-03-12",-10.3977533800781,-13.05275368917,-9.99448524024729
"2020-03-13",11.3157502300912,10.742013278584,8.88084069492354
"2020-03-16",-13.7708037410029,-20.397943970585,-12.7652197472817
"2020-03-17",4.30306871955963,10.0987231163522,5.82263126356919
"2020-03-18",-2.4784438279295,-6.88221894676493,-5.32222723320803
"2020-03-19",-0.769157398904152,4.88331504855963,0.469676097040139
"2020-03-20",-6.55902638664045,-3.44897696557871,-4.43276240533672
"2020-03-23",-2.14731449706989,3.31734786284918,-2.97315010095769
"2020-03-24",9.56060969428947,15.8340157097034,8.96832325179631
"2020-03-25",-0.552423424089987,-1.4389776675058,1.14689904208225
"2020-03-26",5.12852067341223,4.62236154313032,6.05438310742468
"2020-03-27",-4.22837464662589,-1.76875293883252,-3.42678455416268
"2020-03-30",2.81385094215354,4.96317805609388,3.29665905699752
"2020-03-31",-0.204297448783031,-0.752075867301927,-1.61423107884158
"2020-04-01",-5.4051997216483,-8.10833758463503,-4.51463627327868
"2020-04-02",1.6549143184708,4.97554980895434,2.25726570569602
"2020-04-03",-1.44756972568683,-4.63056728342763,-1.5252860825945
"2020-04-06",8.36400763320952,9.56790295805945,6.7968244144831
"2020-04-07",-1.16500572489482,-3.55342787080313,-0.16043390483631
"2020-04-08",2.52726024372052,3.01174756086351,3.34893711912851
"2020-04-09",0.719013640176414,-1.50975629359116,1.43834703036996
"2020-04-13",1.94375202073322,2.59021276328089,-1.0156059444677
"2020-04-14",4.92693092570677,5.09318803268897,3.01145595723069
"2020-04-15",-0.916928241892467,-1.1012826357045,-2.22767326723687
"2020-04-16",0.791447210275376,4.81726798761593,0.579983783954141
"2020-04-17",-1.36618528037769,-0.810855087170093,2.64409320213206
"2020-04-20",-2.09748259374178,-1.81930045112297,-1.80428456153479
"2020-04-21",-3.13979463520502,-6.30507414837986,-3.11551152363307
"2020-04-22",2.8396138450284,5.99103690724423,2.26713005821368
"2020-04-23",-0.388317193175958,-0.750652807946128,-0.0539567660196028
"2020-04-24",2.84610501983744,1.94566445764637,1.38220905668396
"2020-04-27",0.0706561908565995,2.55354650691899,1.4606868181736
"2020-04-28",-1.6342021419832,-1.94419611085492,-0.525617019048408
"2020-04-29",3.23169468372253,2.40763018314671,2.62367040450737
"2020-04-30",2.08769594823881,-2.09236407245048,-0.925514331905486
"2020-05-01",-1.62303772725263,-3.30430434143452,-2.84602110147762
"2020-05-04",1.40495349185095,2.96503212553583,0.424082257884972
"2020-05-05",1.48972980349225,0.837581064994941,0.899993519777986
"2020-05-06",1.02640823773275,1.36932560455556,-0.700388039904265
"2020-05-07",1.02919632653498,2.3496917819934,1.14389557548904
"2020-05-08",2.35227449795827,2.47189705165645,1.6730795065226
"2020-05-11",1.56131422702224,3.18709901866194,0.0133069366791361
"2020-05-12",-1.14942758091221,-3.31518116212131,-2.0713365772048
"2020-05-13",-1.21474656859348,-0.288776793377243,-1.76169966242803
"2020-05-14",0.612463769817673,3.16905427304488,1.1458917804072
"2020-05-15",-0.592962713807488,5.57302566271454,0.39186752037228
"2020-05-18",2.32878908319218,3.01051993559929,3.10152087700732
"2020-05-19",-0.579505160883986,0.629414971518205,-1.05397477115989
"2020-05-20",1.9261439996308,1.8509122761623,1.65139906134151
"2020-05-21",-0.74834750133661,-2.19502272396666,-0.780396830995311
"2020-05-22",0.641773084264052,2.82016503089451,0.235094568681227
"2020-05-26",-0.679633680250991,-3.47759863574266,1.22142850214599
"2020-05-27",0.434722237530849,-2.2328828734127,1.47184474903153
"2020-05-28",0.0440008759684751,-0.449662304405463,-0.211013932491966
"2020-05-29",-0.0974466304954902,4.47591550401363,0.480079355230778
"2020-06-01",1.22228878998722,-0.78330459141438,0.374421647836343
"2020-06-02",0.461896527865857,0.215524761384245,0.817730728240029
"2020-06-03",0.548982610142801,-0.63372469617784,1.35566708125623
"2020-06-04",-0.864952841462063,0.0114123693466528,-0.337438908360888
"2020-06-05",2.80830735414215,1.73585052992831,2.5874012821637
"2020-06-08",0.589481231888467,-1.29764145127265,1.19696564058049
"2020-06-09",3.10898312140635,2.70026731257014,-0.782974341972142
"2020-06-10",2.54019269997157,3.48436534956647,-0.532725573518178
"2020-06-11",-4.92011698761035,-6.2840516978762,-6.07526929962887
"2020-06-12",0.859677457254193,1.53706275245185,1.29762866052108
"2020-06-15",1.22911321667747,2.66497268312738,0.82778608181755
"2020-06-16",2.61571375691823,-1.15391772506452,1.87848528667107
"2020-06-17",-0.139262851239241,1.83022108353428,-0.360679623262961
"2020-06-18",0.0398117424779798,-0.195055382438669,0.0594043403802758
"2020-06-19",-0.573108243156639,0.468079432033264,-0.566551356567402
"2020-06-22",2.5827381072336,2.8264448659777,0.647409329665827
"2020-06-23",2.11202050181871,-0.808872931344462,0.429816919148429
"2020-06-24",-1.78095047034441,-2.29600674706725,-2.61952655956623
"2020-06-25",1.31881401983778,2.71837384768943,1.08998277282168
"2020-06-26",-3.12077305182719,-3.59383939786233,-2.45252042748305
"2020-06-29",2.2785003002193,0.490342635642937,1.45788881135331
"2020-06-30",0.831273696720025,3.18514904021403,1.52923494357555
"2020-07-01",-0.189300569925877,0.338958512783094,0.50095639758716
"2020-07-02",0,0.859373520468276,0.453097047681617
"2020-07-06",2.63987424422387,2.33410260561016,1.5756930832163
"2020-07-07",-0.310771615035144,0.329797816562483,-1.08774778696432
"2020-07-08",2.30229638127479,3.42778527839154,0.779698626343084
"2020-07-09",0.429112657124708,2.82768844116141,-0.565959147619566
"2020-07-10",0.174779793330782,-0.283505047713817,1.04118097744443
"2020-07-13",-0.462379304390304,-4.16005987909243,-0.940664521605861
"2020-07-14",1.6412870970389,3.17954191758743,1.33173005829033
"2020-07-15",0.685367921024227,-1.45361367455674,0.904105693635415
"2020-07-16",-1.23812834263157,-0.908541227011561,-0.34119152141141
"2020-07-17",-0.202199910252077,0.656457530612853,0.284456258758325
"2020-07-20",2.08549227406385,2.98634852470698,0.837179725514048
"2020-07-21",-1.38979356334321,-1.74913715242195,0.167762933456039
"2020-07-22",0.280546018345618,1.06177955472528,0.573063059447243
"2020-07-23",-4.65847826709664,-3.00481597927482,-1.23963784122463
"2020-07-24",-0.248061032460622,0.63717493476827,-0.620964002427549
"2020-07-27",2.34238510680607,2.20225843685027,0.73679288214823
"2020-07-28",-1.65640867639265,-1.99646808655753,-0.649443541864692
"2020-07-29",1.89869215062224,2.41776256979609,1.23517833517433
"2020-07-30",1.20277981857662,1.40900889019324,-0.375730176345535
"2020-07-31",9.95633553581605,0.00704844159247209,0.764123624217561
"2020-08-03",2.48853868770498,3.65822747634699,0.71553626643599
"2020-08-04",0.66560347834157,1.95614828595598,0.360542302613354
"2020-08-05",0.361802917941567,0.524108901507381,0.640916043551698
"2020-08-06",3.42944934928688,0.431013475273234,0.640712602066529
"2020-08-07",-2.29982553150219,-1.20705055763644,0.0632829269957114
"2020-08-10",1.4430246761191,-0.308492178852138,0.273846527339217
"2020-08-11",-3.01911668010799,-2.86189832185859,-0.800105540137785
"2020-08-12",3.26939998702063,5.29730500919228,1.38995022936133
"2020-08-13",1.75427940758119,0.0239924633631095,-0.204927267615673
"2020-08-14",-0.0891607078684409,1.05188436100461,-0.0171897396278098
"2020-08-17",-0.261427493901678,6.47060487466815,0.270617750742375
"2020-08-18",0.829835604781248,-0.619990674595616,0.230074041981609
"2020-08-19",0.125374903743136,-1.00207485789934,-0.441412334518176
"2020-08-20",2.19472099998423,0.0205663587165006,0.31536547683455
"2020-08-21",5.0248406592007,4.37140472355813,0.343519998297381
"2020-08-24",1.18892959074302,0.289338039118281,0.999361536490184
"2020-08-25",-0.823760915396665,0.233578949753444,0.358989974554014
"2020-08-26",1.35075872458144,0.180235590638622,1.01440013448428
"2020-08-27",-1.20265440690579,-1.13972279923908,0.167164603180936
"2020-08-28",-0.162093584058542,4.0314466667196,0.671000284956946
"2020-08-31",3.33498739662623,1.70991406530807,-0.219737517550911
"2020-09-01",3.90598058148282,3.31385765276071,0.749683142070623
"2020-09-02",-2.09365152794092,3.73165784931628,1.52490501438702
"2020-09-03",-8.34475943752526,-9.73650149896752,-3.57575941421864
"2020-09-04",0.0661650030035155,-3.06597687364927,-0.816628075427417
"2020-09-08",-6.96663232310621,-5.7851098961915,-2.81488290864669
"2020-09-09",3.91114992707902,6.51524110796906,1.9944760662181
"2020-09-10",-3.31903986279549,-3.2228313970188,-1.77412459253965
"2020-09-11",-1.32158575972685,-1.20322159004154,0.0532930158087197
"2020-09-14",2.9558792005302,5.65519714921572,1.26613350250242
"2020-09-15",0.15591965872277,0.918277510766474,0.520578593049947
"2020-09-16",-2.99581220870309,-3.73688187225265,-0.462964689215184
"2020-09-17",-1.60922628902789,-0.408350731734197,-0.84479495285521
"2020-09-18",-3.22342012728285,-2.22500703911122,-1.12455769478288
"2020-09-21",2.98752088414282,2.65534567008143,-1.16385640272991
"2020-09-22",1.55933857474118,0.958076433760446,1.04630163983774
"2020-09-23",-4.28511718302964,-4.15219783236607,-2.40073389143749
"2020-09-24",1.02165990240639,1.83275121325686,0.298300555462916
"2020-09-25",3.68294201403785,4.16961414360841,1.5850439224188
"2020-09-28",2.35886345539456,1.24478853280965,1.59821918538547
"2020-09-29",-0.759667571078992,1.45275987160987,-0.482428270444402
"2020-09-30",1.49632955654448,2.2780880379039,0.821984256837993
"2020-10-01",0.842651285083829,0.618890192866006,0.527894956429442
"2020-10-02",-3.28127141789309,-4.14089386573493,-0.962381286637104
"2020-10-05",3.03264545893986,4.34636108943103,1.78131090029012
"2020-10-06",-2.90884158004934,0.686644087440902,-1.40720643875234
"2020-10-07",1.68246192359254,1.64258844049638,1.72471637702412
"2020-10-08",-0.0956248883715816,-0.900985791368925,0.797821289486933
"2020-10-09",1.72464251396658,-0.550714532100427,0.87550951807529
"2020-10-12",6.15844067463547,3.31059486208591,1.62825301583247
"2020-10-13",-2.68852392523451,0.156280086959493,-0.6326891629163
"2020-10-14",0.0742819433095399,-1.07963250031502,-0.664517208405968
"2020-10-15",-0.396859507575797,-0.89257903338309,-0.152892351421308
"2020-10-16",-1.40996700767788,-1.1410493420958,0.0134910456630166
"2020-10-19",-2.58734118887869,-2.29783907506325,-1.64646635149417
"2020-10-20",1.31054005881195,1.0886688230431,0.471619532000034
"2020-10-21",-0.546108480684104,-0.888856092911716,-0.219811401156988
"2020-10-22",-0.962964538241362,-1.21814232928377,0.520535400349154
"2020-10-23",-0.615265941711574,1.70127033439114,0.34398383203893
"2020-10-26",0.00868357217527205,-3.35965639738087,-1.87644729853211
"2020-10-27",1.33824860727874,1.92561154979631,-0.303020535044674
"2020-10-28",-4.74188308984571,-5.91746306122305,-3.59255421085773
"2020-10-29",3.63805211083115,3.0956437118256,1.18765249399981
"2020-10-30",-5.76482649022605,-3.83489067399898,-1.22037134452615
"2020-11-02",-0.0827134244923755,0.372284459002037,1.22429508905917
"2020-11-03",1.52369113867747,3.42802647156306,1.76427376840778
"2020-11-04",4.00247929337354,5.78036683008718,2.18075256550918
"2020-11-05",3.48782803787442,2.61694083884287,1.92732657767021
"2020-11-06",-0.113675674889269,2.79942847159824,-0.0287756585374055
"2020-11-09",-2.01701081902845,-6.60872685123133,1.16319747463436
"2020-11-10",-0.301340303278419,-6.52296482354768,-0.140077522086735
"2020-11-11",2.9901225154334,4.94986857161388,0.76227283629926
"2020-11-12",-0.234605028052393,0.288347529587751,-1.00286515470707
"2020-11-13",0.0419320242036392,-1.19422436057341,1.35185467062939
"2020-11-16",0.868284683438603,1.62800933539193,1.15807349228323
"2020-11-17",-0.759331789036555,-0.690472704303069,-0.480344378464714
"2020-11-18",-1.14566459258034,0.0484027512525298,-1.16312106474812
"2020-11-19",0.515479864601343,0.0856205439391022,0.393867569073336
"2020-11-20",-1.1018009517529,-2.65775155121122,-0.681573737291963
"2020-11-23",-3.01938791331366,0.398434911243273,0.562010818184966
"2020-11-24",1.15275259386882,-1.39670952391491,1.6032458814033
"2020-11-25",0.743951140063359,2.11519218822986,-0.158567475551052
"2020-11-27",0.48146778065945,0.200041235901383,0.239411102590203
"2020-11-30",2.08799923937804,1.0520335419137,-0.460614063697307
"2020-12-01",3.0361782727641,-0.0858324390420773,1.12081406615943
"2020-12-02",0.292930536489155,1.14724055188264,0.17895645286039
"2020-12-03",-0.113789919922791,-1.07289254841985,-0.0624352080293988
"2020-12-04",-0.562857634131131,1.20389703437493,0.879746371518664
"2020-12-07",1.2195211536425,0.3570568568938,-0.193751343896409
"2020-12-08",0.507805980018716,-1.90493126861817,0.278327117017163
"2020-12-09",-2.11253511865745,-3.1908462842174,-0.7980964948473
"2020-12-10",1.19175920796257,0.320429722013893,-0.128593452777181
"2020-12-11",-0.675759739937387,0.315583216097037,-0.126579808423166
"2020-12-14",-0.515999468025186,2.24535739875136,-0.436878824514686
"2020-12-15",4.88764683544582,0.388085650728964,1.2838482022218
"2020-12-16",-0.0547770455527896,-0.887116999494353,0.177122562032395
"2020-12-17",0.693933350841291,0.742928021934297,0.574114280898286
"2020-12-18",-1.59776724956142,-0.520402668612219,-0.351729695214864
"2020-12-21",1.23189990726935,0.452932536786754,-0.391392848690941
"2020-12-22",2.80670246412047,-0.405866192375592,-0.207524469177045
"2020-12-23",-0.700046697592516,-2.04667674707788,0.0745533271818033
"2020-12-24",0.76829027643317,-0.119205870715655,0.353034997948676
"2020-12-28",3.51407819182592,-0.724119985895832,0.868470753841244
"2020-12-29",-1.34040212236215,0.334701955844263,-0.222986482727983
"2020-12-30",-0.856358871428409,1.55241794740393,0.134064809508061
"2020-12-31",-0.773240069402537,-0.692753843525473,0.641820471170362
"2021-01-04",-2.50298101583706,0.447133444518899,-1.48647627120262
"2021-01-05",1.2288021222651,2.19667879724716,0.705763138336124
"2021-01-06",-3.42412781693016,-6.0762147934903,0.569360338247549
"2021-01-07",3.35538399530106,5.6219947884347,1.47382601077517
"2021-01-08",0.859448957470299,-0.505254504933017,0.547683739351612
"2021-01-11",-2.35236349300649,2.56350935063994,-0.657632761662086
"2021-01-12",-0.139640114408657,-1.0089949869708,0.0415702030569065
"2021-01-13",1.60966356049101,0.347920702265059,0.227305638672526
"2021-01-14",-1.52428444574113,-2.48029401533687,-0.376051306874281
"2021-01-15",-1.38258043032176,-2.61531177389331,-0.721600079827844
"2021-01-19",0.54125544271324,1.28072790256764,0.810345763576237
"2021-01-20",3.23278422358584,2.58054145341338,1.38394173765111
"2021-01-21",3.60024817251521,3.68525267374049,0.0316673161313119
"2021-01-22",1.59457654739619,-1.12399993536396,-0.301515266293784
"2021-01-25",2.73074610610164,-0.433042863236643,0.360931751301763
"2021-01-26",0.167790584022676,-1.60954282812411,-0.148994316115392
"2021-01-27",-0.771323992374029,-3.92797977194292,-2.60133151261002
"2021-01-28",-3.56119397556798,1.02623042386094,0.971329877875959
"2021-01-29",-3.81388040476436,-0.470397926371291,-1.95003776547917
"2021-02-01",1.63851699975623,1.88553678066521,1.59243002346781
"2021-02-02",0.631649137468582,2.38687524744692,1.38025288143115
"2021-02-03",-0.78085133690422,-0.193840462882378,0.100826061534498
"2021-02-04",2.54313914379525,0.983666068375166,1.07948476439219
"2021-02-05",-0.310279533514279,-0.537519543984066,0.38899196077633
"2021-02-08",0.109635897460425,6.05076902805375,0.737210747628936
"2021-02-09",-0.659556436372188,-1.22291584267558,-0.111414542172206
"2021-02-10",-0.456877186899263,3.45224593666038,-0.0345244522391042
"2021-02-11",-0.192225984233918,3.2420084861033,0.166107481458866
"2021-02-12",0.177468534143799,-1.91653609169702,0.469997092616126
"2021-02-16",-1.62351618142118,2.43644939730805,-0.0569434515414358
"2021-02-17",-1.78013634249874,-2.80641071486292,-0.0320453348917837
"2021-02-18",-0.867390188085437,-0.517903074887238,-0.442561422724275
"2021-02-19",0.123253205745311,0.655346828829284,-0.185661909566548
"2021-02-22",-3.02520545644756,-3.89877133025882,-0.776289289371057
"2021-02-23",-0.111160055520187,-1.50013434243914,0.125552961152664
"2021-02-24",-0.406045158438051,2.49305588541469,1.12876676709863
"2021-02-25",-3.54018277912633,-8.5751805986289,-2.47833944241727
"2021-02-26",0.222905399002471,3.01256577016731,-0.476153229379861
"2021-03-01",5.24512310396226,0.923589438418793,2.35121732256935
"2021-03-02",-2.11150483142051,-3.19686413366806,-0.811367873950886
"2021-03-03",-2.47605790298033,-4.59047195837843,-1.31523358948016
"2021-03-04",-1.59382560226433,-3.45217258294461,-1.35080380643906
"2021-03-05",1.06811462224048,0.734945707554058,1.93083563387102
"2021-03-08",-4.25667234668756,-7.22208974603697,-0.537364322402567
"2021-03-09",3.98451793751811,7.72695300487345,1.40554007439313
"2021-03-10",-0.920880609894414,-0.416208671271878,0.601220377098777
"2021-03-11",1.63678943816388,4.12640448826052,1.03418255006567
"2021-03-12",-0.765463461482963,-1.06386963578724,0.101488332753163
"2021-03-15",2.41624083587695,2.57431276155606,0.647093953941358
"2021-03-16",1.26625125680997,0.755216015259652,-0.157091697859713
"2021-03-17",-0.647152640867077,0.375483494727336,0.28752446501592
"2021-03-18",-3.44932194912904,-4.74888577590251,-1.48705600659476
"2021-03-19",-0.449004928444197,0.964093251872544,-0.0602885673753661
"2021-03-22",2.79414792193649,2.61616572949208,0.700055689834223
"2021-03-23",-0.691264622397636,-0.879745180496272,-0.766011811933431
"2021-03-24",-2.01958828480793,-3.32733962038692,-0.548233660034825
"2021-03-25",0.415476575750873,-0.855895087129754,0.52265834327283
"2021-03-26",0.512832021631304,2.39621665586558,1.64944186587164
"2021-03-29",0.148382717679407,0.845387402385356,-0.0868389626386801
"2021-03-30",-1.23503869725559,-0.592581064848341,-0.316282940964996
"2021-03-31",1.85917811052896,3.635032445461,0.361595359242095
"2021-04-01",0.693457581812407,3.4134354468168,1.17558304276741
"2021-04-05",2.33035980927676,1.26444840611182,1.43349877622434
"2021-04-06",0.245917040319377,-0.90489386811683,-0.0974004940797357
"2021-04-07",1.33013959182975,2.01401208028162,0.147414569810778
"2021-04-08",1.90512753576195,1.21923720334562,0.421175094059123
"2021-04-09",2.00491925315207,0.578056255370862,0.769028813568795
"2021-04-12",-1.33212065689428,5.46589873824135,-0.0196098074740192
"2021-04-13",2.40157161253638,3.0466871546853,0.328907187706307
"2021-04-14",-1.80142878043972,-2.60057809416714,-0.409610432073038
"2021-04-15",1.85349552251743,5.47818561460578,1.10331014011198
"2021-04-16",-0.25311818085747,-1.40252492329473,0.360232339051691
"2021-04-19",0.50556237360091,-3.52241477433548,-0.532068989375745
"2021-04-20",-1.29128914895018,-1.24785807559062,-0.682556100507803
"2021-04-21",0.292550110871836,1.23971093904887,0.92630209198532
"2021-04-22",-1.17540658508348,-3.37825993441503,-0.925333786055482
"2021-04-23",1.78778574808183,2.756223348729,1.08694098955322
"2021-04-26",0.297351122033085,1.38407688202062,0.178068456458291
"2021-04-27",-0.245276791701698,-0.62379737184437,-0.0214918981445322
"2021-04-28",-0.604516319794257,-0.684985136788674,-0.0845897587396394
"2021-04-29",-0.0748447781579564,0.313737845900164,0.67400415367036
"2021-04-30",-1.52497399243083,-2.07859889924555,-0.722071341712116
"2021-05-03",0.818198231629363,-1.15761212723817,0.274432164951222
"2021-05-04",-3.60267587771643,-3.32699196083661,-0.670073748984734
"2021-05-05",0.195356645840228,0.744528211203699,0.070321644711413
"2021-05-06",1.27211020234297,0.445097317184073,0.813229949863192
"2021-05-07",0.531344621559349,1.97211291529924,0.734629141918752
"2021-05-10",-2.61434457469871,-3.7592943585206,-1.04904805031385
"2021-05-11",-0.743795568944705,0.283474685223384,-0.871175014178149
"2021-05-12",-2.52546739168942,-3.90396955344694,-2.16827823583028
"2021-05-13",1.77609802067895,-0.680052925957453,1.20996445780932
"2021-05-14",1.96504604273615,4.14094674334922,1.48077785636236
"2021-05-17",-0.930153272180334,-0.545622980732929,-0.2533258183961
"2021-05-18",-1.13096001070794,-1.06275775273876,-0.855377238403321
"2021-05-19",-0.128227100619949,0.356088095938167,-0.29477518113783
"2021-05-20",2.07944138234932,3.81346020771058,1.04994293345086
"2021-05-21",-1.4877106510423,2.56227203958366,-0.0784188075252601
"2021-05-24",1.32262303143591,4.05398196929689,0.986249748121537
"2021-05-25",-0.157477151636698,0.228716037053189,-0.212754540082827
"2021-05-26",-0.0394173303789991,0.333365403057062,0.187505755061146
"2021-05-27",-1.24540191980822,-1.3595086215028,0.116463608986273
"2021-05-28",-0.536235765505744,4.76886220712753,0.0768586452887021
"2021-06-01",-0.265175311211152,0.123036465496718,-0.0492454758630245
"2021-06-02",0.625641102378083,3.10989292712018,0.144588903690135
"2021-06-03",-1.22285739367198,1.13486767218038,-0.363530305604876
"2021-06-04",1.88435463878234,3.52299511399012,0.879530338301571
"2021-06-07",0.00793985522742346,0.231580365713757,-0.0797056269421503
"2021-06-08",0.664979243708075,-0.923759875663643,0.017500954944083
"2021-06-09",0.307259473279053,-0.544302605159519,-0.182553259061535
"2021-06-10",-0.805566463041796,0.383777057844892,0.464145477646305
"2021-06-11",0.97845228848179,2.27100132837768,0.194653893280794
"2021-06-14",2.42807824724043,1.07966749288355,0.181355638513736
"2021-06-15",-0.645863022238924,-1.28606245032192,-0.201371995427735
"2021-06-16",0.392644493661987,0.12220334380606,-0.540470374702551
"2021-06-17",1.25223372052874,4.64606180390716,-0.0435810543672588
"2021-06-18",-1.01432005736468,-0.099195154702425,-1.32113556872842
"2021-06-21",1.40052383999034,-1.14121815819725,1.39051635123195
"2021-06-22",1.26185601092743,2.46301128632309,0.511140637899032
"2021-06-23",-0.20924769740791,0.898694737505901,-0.108387051864867
"2021-06-24",-0.21708483705174,0.774916933907255,0.579442954591691
"2021-06-25",-0.225125173059393,-0.912766909970131,0.332506316468617
"2021-06-28",1.24676241467165,4.89130036037544,0.231228886047319
"2021-06-29",1.14347418758269,0.208677345524633,0.0277297742686144
"2021-06-30",0.461043035791775,-0.121151858191126,0.13272784229077
"2021-07-01",0.226097381453183,1.04191844525623,0.520804143225462
"2021-07-02",1.94069069983929,1.35139921128928,0.747209589469122
"2021-07-06",1.4611205533221,1.02705863788897,-0.202390277002173
"2021-07-07",1.77960281405793,-1.59116485026121,0.335334655366282
"2021-07-08",-0.924260381161535,-2.32915429017981,-0.859788100955505
"2021-07-09",1.29708378580711,0.738363468755976,1.12148259024138
"2021-07-12",-0.421267143730297,2.27930404859986,0.34452326955936
"2021-07-13",0.785842556523519,-1.28797637126419,-0.352301118116571
"2021-07-14",2.38143379469093,-2.03794896161358,0.116425656546859
"2021-07-15",-0.450217764904082,-4.51142132380058,-0.326757356274499
"2021-07-16",-1.41758754096433,-4.33847059545212,-0.756741500681279
"2021-07-19",-2.72831669569751,3.35027593934534,-1.59967813999842
"2021-07-20",2.56421841886993,-0.897260777566977,1.50488060047991
"2021-07-21",-0.514474209895965,4.19818948947266,0.820804166214373
"2021-07-22",0.958246461303336,0.943499761545397,0.201463920924283
"2021-07-23",1.19180892050981,-0.183886096302244,1.00943323862559
"2021-07-26",0.28900294790537,-1.35903635648811,0.237936692272811
"2021-07-27",-1.50123083079619,-0.446719511813409,-0.47235833821766
"2021-07-28",-1.22708174296697,1.52412846825531,-0.0186279231552788
"2021-07-29",0.454198241945658,0.811938342600449,0.41973318452726
"2021-07-30",0.150913488281113,-0.832463992881927,-0.542071360826135
"2021-08-02",-0.233351479082433,1.27903006306158,-0.184450567006067
"2021-08-03",1.25648905343239,0.328599741032676,0.816996133891834
"2021-08-04",-0.278609662526286,2.28999864862787,-0.46431506612965
"2021-08-05",0.0748178827037371,1.77459735986845,0.598748599042054
"2021-08-06",-0.47785628634216,-1.32185490053831,0.167386454852902
"2021-08-09",-0.0342078904075116,-0.349223001365617,-0.0940350264956535
"2021-08-10",-0.335944000037003,-1.78473155092909,0.0992186953864049
"2021-08-11",0.17838318243637,-1.19592152770283,0.12749307180151
"2021-08-12",2.05603723103831,1.04030101577925,0.413780773547856
"2021-08-13",0.140938046035988,1.4117240101374,0.160601632092394
"2021-08-16",1.34572863516764,-1.18591837137965,0.261742226199324
"2021-08-17",-0.617323184664809,-2.49706280097106,-0.708574350713675
"2021-08-18",-2.58315065378927,-2.17162765718437,-1.08066528452557
"2021-08-19",0.232008298825281,3.90388107579849,0.125590325615832
"2021-08-20",1.01056911414501,5.01410911632303,0.810860389074186
"2021-08-23",1.02047167685271,5.34095054899573,0.848766798441147
"2021-08-24",-0.0601241343125558,-0.754263433452129,0.149461880196178
"2021-08-25",-0.845682279076154,1.90887395283514,0.221765740325175
"2021-08-26",-0.554242873757271,-0.654893067024664,-0.584194982760344
"2021-08-27",0.715846478239968,2.54125876423088,0.87690715404527
"2021-08-30",2.99639958258391,0.229479130209498,0.4297324106874
"2021-08-31",-0.846052779762996,-1.32688526950115,-0.135002691589214
"2021-09-01",0.446860093204826,0.249869022130111,0.0311640060951746
"2021-09-02",0.744722464080461,-0.200739987697052,0.283860575440542
"2021-09-03",0.422144565196181,1.97626055975064,-0.0335087261181144
"2021-09-07",1.53707330069022,-0.795538118287586,-0.340135245232176
"2021-09-08",-1.01349249137765,-1.43553635291789,-0.131943681381586
"2021-09-09",-0.672731560566842,-0.727829668673952,-0.46162471500022
"2021-09-10",-3.36623268682201,1.34812809630938,-0.775255228627714
"2021-09-13",0.388587181614497,-1.4609321345044,0.227390034637054
"2021-09-14",-0.960809828408582,0.405469396334812,-0.576321396625801
"2021-09-15",0.612487796759353,0.444091327290197,0.843829422207953
"2021-09-16",-0.161157968288794,-0.444091327290197,-0.155234471276522
"2021-09-17",-1.851832847799,-1.54957388994221,-0.915263027579805
"2021-09-20",-2.15925979271505,-3.65979202547768,-1.71230777263816
"2021-09-21",0.342239564558255,0.627972230261475,-0.081268865854689
"2021-09-22",1.67314673139183,3.21884588838892,0.94745852242184
"2021-09-23",0.66967059398797,2.43580450838543,1.20616803699374
"2021-09-24",0.0612768775870798,-1.79976921549443,0.145994281136375
"2021-09-27",-1.06062206088282,-1.92499793050147,-0.27802439201885
"2021-09-28",-2.4089291456054,-4.53820041926027,-2.05743177398929
"2021-09-29",0.646226004507611,-0.8831395299151,0.156795433628432
"2021-09-30",-0.935526707918743,0.965227900295984,-1.19812029450159
"2021-10-01",0.809411725361553,0.125430849916741,1.14259521133349
"2021-10-04",-2.49133540225355,-4.99188785317406,-1.30709520486434
"2021-10-05",1.40593090010519,3.57900992154141,1.04695174986009
"2021-10-06",0.628705183952771,1.21020835884345,0.409439934962386
"2021-10-07",0.90436798971858,1.79534535139632,0.826403922506636
"2021-10-08",-0.272551286539091,-1.16449426360448,-0.191555660242138
"2021-10-11",-0.0630012406993785,-0.655027621029936,-0.688944164433991
"2021-10-12",-0.914452350750583,-0.116058356751347,-0.241970568655425
"2021-10-13",-0.424920143666707,1.28817903926879,0.301795587023079
"2021-10-14",2.00239106692903,3.78165649822013,1.69191622857117
"2021-10-15",0.748426102399513,0.532025041697581,0.743252063718991
"2021-10-18",1.17369318034637,1.63328179967532,0.336908780180423
"2021-10-19",1.49678729635525,0.305525104057969,0.736614278423531
"2021-10-20",0.335548642283623,-0.84248084641434,0.36573335985608
"2021-10-21",0.147266199933238,2.62990560120757,0.299139316835983
"2021-10-22",-0.529907512403671,0.149723598676177,-0.107312922466285
"2021-10-25",-0.0336106088936639,1.91758692153479,0.473695944085328
"2021-10-26",0.456438848222795,6.48056885758681,0.181814143224379
"2021-10-27",-0.315274470221194,-1.08200704411066,-0.50643703711053
"2021-10-28",2.468457115096,1.98418018108129,0.978128842418435
"2021-10-29",-1.83224641883566,2.47896467437165,0.194743723171698
"2021-11-01",-0.562321397511845,1.01177673306623,0.179845894590258
"2021-11-02",0.709088417479808,2.19813174438315,0.367360712038867
"2021-11-03",0.975107634983541,0.743415233780231,0.644049461288887
"2021-11-04",-0.35048575208485,11.3705989697554,0.41732223428177
"2021-11-05",0.357590343864,-0.164537117186025,0.372585004528503
"2021-11-08",-0.556832104619076,3.47481744351916,0.0887394060701041
"2021-11-09",0.24564716380242,-0.478369485576646,-0.350491092639871
"2021-11-10",-1.93487630797904,-3.98615163862446,-0.825984216386111
"2021-11-11",-0.0338525450814586,3.11139767410502,0.0550788332988716
"2021-11-12",1.42350919310914,0,0.719669756412955
"2021-11-15",0.00666530583588454,-1.20829268023837,-0.00107398780162526
"2021-11-16",0.664462548046618,0.591063387363322,0.385777905712636
"2021-11-17",1.6355799185372,-3.16855924139365,-0.260501548289582
"2021-11-18",2.81363269371981,7.9272213947903,0.337906474017124
"2021-11-19",1.68336317044968,4.05251631900225,-0.139964460498732
"2021-11-22",0.292304860186743,-3.16929848384859,-0.320225831696064
"2021-11-23",0.241923431102009,-0.659306331330978,0.165576138319423
"2021-11-24",0.327817825743093,2.88127039095705,0.229122377666791
"2021-11-26",-3.21911089477789,-3.64967607061151,-2.29870111593211
"2021-11-29",2.16377935334222,5.77544066812781,1.31138360828231
"2021-11-30",3.10895067563299,-2.11964357863912,-1.9143381187849
"2021-12-01",-0.321162601601888,-3.85963862758358,-1.18855414579571
"2021-12-02",-0.614830008979705,2.17434829005745,1.40946383960578
"2021-12-03",-1.17938217699249,-4.56308416270867,-0.848445514173868
"2021-12-06",2.12747039276415,-2.16046858298542,1.16625993096857
"2021-12-07",3.48327193518836,7.65615700213425,2.04956031862533
"2021-12-08",2.25271661779436,-1.8707979932834,0.30805355865855
"2021-12-09",-0.297431937576675,-4.28847771755807,-0.720698823252341
"2021-12-10",2.76278838608359,-0.96231020578057,0.95037691182096
"2021-12-13",-2.08907724050515,-6.98376286048479,-0.917815834279345
"2021-12-14",-0.805553390464553,0.623031020140052,-0.749872285462416
"2021-12-15",2.81100938208603,7.22132163758693,1.62162673518917
"2021-12-16",-4.00555013695421,-7.04502691459363,-0.87818633111123
"2021-12-17",-0.652293451804908,-2.08593093046598,-1.03409645840546
"2021-12-20",-0.815515552216795,-0.295387024662608,-1.14533983232565
"2021-12-21",1.89070877244992,4.77605654895732,1.76217553851963
"2021-12-22",1.52026279546922,1.11160973955902,1.01287280291267
"2021-12-23",0.363739488292047,0.813001819736581,0.620441268525163
"2021-12-27",2.27145483128943,4.30865842342203,1.37440515736067
"2021-12-28",-0.578374108888013,-2.03377975412171,-0.101066539888706
"2021-12-29",0.0501734828343814,-1.06427473171098,0.140091340185755
"2021-12-30",-0.659995044232886,-1.39293789706909,-0.299423384190511
"2021-12-31",-0.354165454335398,-0.593263673848021,-0.262963437347352
"2022-01-03",2.46968610126137,2.38538192328361,0.635382417038777
"2022-01-04",-1.27729982554676,-2.79765180332188,-0.0629820252203928
"2022-01-05",-2.69599180248834,-5.92854796718583,-1.95832643045009
"2022-01-06",-1.68342114961284,2.05810284483321,-0.0964233740180731
"2022-01-07",0.0987649290886239,-3.35982374376353,-0.405844108233566
"2022-01-10",0.0116311372751809,0.559965516128491,-0.144207053753931
"2022-01-11",1.66444978849674,1.51041930173625,0.911828645239865
"2022-01-12",0.256696997668371,0.652168383549556,0.281379201466692
"2022-01-13",-1.92114678616511,-5.21980713760901,-1.43460292343995
"2022-01-14",0.509776443122156,1.371545832267,0.0819644269590469
"2022-01-18",-1.90749764905584,-3.932755886215,-1.85591053980083
"2022-01-19",-2.12489674641114,-3.28066218377732,-0.973679094146007
"2022-01-20",-1.04008080481872,-3.72675962609499,-1.10987423043323
"2022-01-21",-1.28475522745992,-3.26603323514236,-1.90959953246352
"2022-01-24",-0.487609996481009,-0.00855601790989979,0.276790475827049
"2022-01-25",-1.14499355809246,-4.5876285122608,-1.22465905568667
"2022-01-26",-0.0563592718411776,1.98692401930698,-0.149775692588605
"2022-01-27",-0.294733163603755,-3.70380768213696,-0.539863519997041
"2022-01-28",6.74508316743703,4.00199531969552,2.40559679147356
"2022-01-31",2.57902441579745,6.95879912697972,1.87098262229846
"2022-02-01",-0.0972982750631068,0.61885175421903,0.683956034831823
"2022-02-02",0.70195996699054,2.42193172020655,0.937840044832328
"2022-02-03",-1.6861390807998,-5.26245180966303,-2.46934717201199
"2022-02-04",-0.168063223936876,1.53732376979954,0.514367843986285
"2022-02-07",-0.424360782927113,1.66782209483483,-0.370858092782811
"2022-02-08",1.82983174951801,1.52502352002588,0.836611346663396
"2022-02-09",0.825962674193637,6.16642063066712,1.44128420792651
"2022-02-10",-2.38818592774024,-3.35464907700738,-1.82818244850562
"2022-02-11",-2.04254799293659,-7.53776573327842,-1.91516826380855
"2022-02-14",0.142211719522933,1.31908514966463,-0.384799075562903
"2022-02-15",2.28884539239651,8.78386679966225,1.56437176460642
"2022-02-16",-0.138973360782746,0.0603644260249059,0.0880819720283199
"2022-02-17",-2.14987203161376,-7.86008191308016,-2.14005041369365
"2022-02-18",-0.939989715050871,-3.59341882312578,-0.71919616638656
"2022-02-22",-1.79726357145134,-1.07161058160816,-1.01947354350163
"2022-02-23",-2.62046880529265,-4.38281545495491,-1.85837357487877
"2022-02-24",1.65425780326514,5.90178994589938,1.48461052527242
"2022-02-25",1.28821159713848,1.70759893769752,2.21260805512653
"2022-02-28",0.163621716286855,0.939383548996942,-0.244559146312717
"2022-03-01",-1.16956796074925,-3.79471432028575,-1.55944677866113
"2022-03-02",2.03790526895204,3.13281681165858,1.84710467806504
"2022-03-03",-0.198333336074086,-2.11132503323159,-0.526852074424511
"2022-03-04",-1.85795690008801,-3.33579264488715,-0.796568454300228
"2022-03-07",-2.40036276263389,-7.15622822523274,-2.99625868144151
"2022-03-08",-1.17444887924538,0.755865630973362,-0.726004397569824
"2022-03-09",3.4398755954621,6.73986196773386,2.53735981221404
"2022-03-10",-2.75622754830005,-1.55895306842142,-0.430104992024738
"2022-03-11",-2.41992237417383,-2.49353730772266,-1.30462789332384
"2022-03-14",-2.69214738713943,-3.54630617799221,-0.744867509553337
"2022-03-15",2.92453203062246,7.42050031583337,2.11826297241462
"2022-03-16",2.86023847133317,6.41903149518113,2.21369216483929
"2022-03-17",0.643342893600796,1.09619615463123,1.2272205068701
"2022-03-18",2.07030296729851,6.58975948553229,1.15948144118878
"2022-03-21",0.850153017862265,1.05665318445127,-0.0434754854302
"2022-03-22",2.05871159380289,-0.788619827374326,1.12406995540741
"2022-03-23",0.819977085806212,-3.41302339678431,-1.23486302524949
"2022-03-24",2.24247699773867,9.36275835980513,1.42420122816187
"2022-03-25",0.372718352772505,-1.64036625493535,0.505338070423633
"2022-03-28",0.502379590009916,1.88519690598885,0.711955102004325
"2022-03-29",1.8953535656423,1.53674069887435,1.2182044101392
"2022-03-30",-0.667163632810475,-3.42915820798586,-0.631358899908996
"2022-03-31",-1.79354145150192,-1.46975693845652,-1.57763352268816
"2022-04-01",-0.171976808040242,-2.12608225578013,0.340442096146276
"2022-04-04",2.3417114635814,2.39689910575369,0.805838253213409
"2022-04-05",-1.91238065372845,-5.36428259592716,-1.26311590740062
"2022-04-06",-1.86228334004195,-6.05692720527777,-0.976443391247805
"2022-04-07",0.180221099191247,-0.818672550262445,0.424436555203656
"2022-04-08",-1.19805392131935,-4.60282591632839,-0.265454667555254
"2022-04-11",-2.58468028597347,-5.33922532833153,-1.70213345846957
"2022-04-12",1.14574113721799,-1.9023579953561,-0.342330053045359
"2022-04-13",1.62105722170551,3.19880988675618,1.11126032689022
"2022-04-14",-3.04473399963694,-4.34938700544047,-1.22184803835079
"2022-04-18",-0.133147530196087,2.43967837710204,-0.0204889272406916
"2022-04-19",1.40163901340022,1.88722723060821,1.59300447493873
"2022-04-20",-0.101609872834274,-3.27870418143918,-0.0618666406182911
"2022-04-21",-0.485545417364186,-6.23744238377992,-1.48628555513106
"2022-04-22",-2.82154132364649,-3.365729236452,-2.81320763773678
"2022-04-25",0.671439262994067,1.96366484065482,0.568176514411256
"2022-04-26",-3.80424895879852,-5.76017746416122,-2.85500089285975
"2022-04-27",-0.146798740512022,-2.0052831912805,0.209584902496474
"2022-04-28",4.41658706867836,7.16068110001573,2.44456553408323
"2022-04-29",-3.72918291028377,-6.44645896901896,-3.69591597846952
"2022-05-02",0.196464824551512,5.1797723035361,0.565919929381842
"2022-05-03",0.957667611137403,0.352579141372189,0.482546507535986
"2022-05-04",4.01897478675348,3.66628893070744,2.9425221557327
"2022-05-05",-5.7328779408012,-7.60995941186899,-3.63006775640997
"2022-05-06",0.471615814276038,-0.900893703653649,-0.569038441395264
"2022-05-09",-3.37524043339128,-9.69179638976589,-3.25615195396036
"2022-05-10",1.59836581466051,3.7346897164412,0.245488176040887
"2022-05-11",-5.32334466374538,-5.64062847766524,-1.66002320956977
"2022-05-12",-2.7262212151987,-2.77415134439845,-0.129680499411222
"2022-05-13",3.14174455945233,9.04368391403061,2.35892679568686
"2022-05-16",-1.07295593691328,-2.52800836935538,-0.395420851772244
"2022-05-17",2.51048356975092,5.15334961226666,1.99689195814621
"2022-05-18",-5.80732876158221,-7.05973736403296,-4.12338092912474
"2022-05-19",-2.49503379830083,1.09214406999891,-0.585086477734897
"2022-05-20",0.174608221369166,-2.54318478110878,0.0146131091991464
"2022-05-23",3.93353112657584,1.21460229510459,1.83849954120596
"2022-05-24",-1.94030018111055,-4.50276400164755,-0.815395090355686
"2022-05-25",0.113943718014209,4.95741643227738,0.94063856489317
"2022-05-26",2.29343596703036,5.0317618090284,1.96881660077199
"2022-05-27",3.99478502596144,5.23823772644909,2.44411301958216
"2022-05-31",-0.53604274388972,-0.741686292253929,-0.629413519366651
"2022-06-01",-0.0873507085744407,-1.90316260902721,-0.751090504115481
"2022-06-02",1.66713536018808,6.71279363283181,1.8263225415545
"2022-06-03",-3.93186748070802,-4.5528689604585,-1.64824056098176
"2022-06-06",0.521404947469684,0.351920022699703,0.313248940703659
"2022-06-07",1.74332717305026,0.742494603032906,0.947833153171906
"2022-06-08",-0.505632097056008,-1.4586561031829,-1.08526230401544
"2022-06-09",-3.6618118421285,-3.27037906079033,-2.4086457665156
"2022-06-10",-3.93943549176523,-6.13521339818948,-2.95424148114094
"2022-06-13",-3.90370187057494,-8.14037271213066,-3.95399319900402
"2022-06-14",0.665044667793868,1.20067884208521,-0.378081803948938
"2022-06-15",1.99118198004644,4.27095508525124,1.44870588365347
"2022-06-16",-4.04587979176769,-5.76605795589886,-3.30522071138404
"2022-06-17",1.14671470193199,1.77255233124121,0.219844734101216
"2022-06-21",3.22355232246219,4.22924173010859,2.41824749606732
"2022-06-22",-0.383472625853454,-1.25134246100731,-0.130242009535841
"2022-06-23",2.13442173003058,-0.828606400381426,0.948707248555714
"2022-06-24",2.42217140878367,5.40446057255015,3.01055397299006
"2022-06-27",0,-1.51200663724076,-0.297749989034024
"2022-06-28",-3.02424970090946,-5.40146805890713,-2.03486731494955
"2022-06-29",1.29399196000266,-2.79172431485364,-0.0711998820172255
"2022-06-30",-1.81920566871909,-2.4951490623546,-0.879786624636836
"2022-07-01",1.60347194955373,-4.2860900648297,1.04985112966407
"2022-07-05",1.87536501600496,2.99137592710608,0.158287510619282
"2022-07-06",0.956152117578135,1.10322936464491,0.356679570506557
"2022-07-07",2.37159833119476,4.69944486031002,1.48537231809307
"2022-07-08",0.470324735007388,-0.126204447933587,-0.0830616396127581
"2022-07-11",-1.48676213290848,-4.42795278239685,-1.15944176605254
"2022-07-12",0.681035854854173,-0.463053818762615,-0.928686849749383
"2022-07-13",-0.253972552665438,0.542225938371743,-0.446686411181574
"2022-07-14",2.02754544028654,1.36234826550399,-0.300313881276537
"2022-07-15",1.13849021208026,2.50543285425695,1.90192316586337
"2022-07-18",-2.08590163039704,2.12794649013852,-0.839874248583605
"2022-07-19",2.63710250554086,5.38608492957287,2.72535176437305
"2022-07-20",1.34197409274437,4.68491726330607,0.587849394105788
"2022-07-21",1.49812996987846,1.355423256806,0.981306668950488
"2022-07-22",-0.814382853630136,-4.1341596407015,-0.937628729381323
"2022-07-25",-0.742580859676689,-1.71802352088131,0.131430297330581
"2022-07-26",-0.886541403860441,-2.92655291572248,-1.16103425992637
"2022-07-27",3.36616486803134,7.32781297291853,2.58200487786286
"2022-07-28",0.35652008827558,1.08457687860044,1.2060319791912
"2022-07-29",3.22668889657995,0.99039672145822,1.41077757817545
"2022-08-01",-0.617229076175541,1.51901962200629,-0.28270765449161
"2022-08-02",-0.933089970935885,0.459876329575293,-0.668468837887204
"2022-08-03",3.75345281221513,1.96163796404543,1.5517456270091
"2022-08-04",-0.192814380071304,1.68997215419662,-0.0777642449584448
"2022-08-05",-0.138988800274298,-1.18315630421288,-0.162706901891774
"2022-08-08",-0.290739443493404,-6.50545875866544,-0.12383171221213
"2022-08-09",0.0303317069278997,-4.0545902914856,-0.425774423592706
"2022-08-10",2.58573999917866,5.74868918257763,2.10671584604079
"2022-08-11",-0.444178581621912,-0.860194443622886,-0.0705722922202057
"2022-08-12",2.11993783031854,4.18602242592998,1.71740469514923
"2022-08-15",0.631370596926484,1.71173446426489,0.39616840562342
"2022-08-16",-0.0924194300783832,-0.807172466551354,0.187392282594701
"2022-08-17",0.874608495272522,-2.92385898855305,-0.726411486764711
"2022-08-18",-0.229414351900825,2.36083409116623,0.226698960638494
"2022-08-19",-1.5217055254495,-5.04723970370571,-1.29839287130391
"2022-08-22",-2.32987526927104,-4.6735752184675,-2.16323664664948
"2022-08-23",-0.203113477943795,0.859254329917869,-0.224037043443737
"2022-08-24",0.179223335345835,0.238347664798733,0.291191669872326
"2022-08-25",1.48125198288263,3.93390470310653,1.39932418361077
"2022-08-26",-3.84284635680494,-9.68185157306993,-3.42685763170394
"2022-08-29",-1.37844084644536,-2.86349672894737,-0.668867519732608
"2022-08-30",-1.54238379867895,-2.12999234183391,-1.10894164921156
"2022-08-31",-1.06921627141006,-2.44758983008868,-0.78477382081541
"2022-09-01",0.469580923967872,-7.97503813612925,0.299175226719584
"2022-09-02",-1.37044968143885,-2.10274445590106,-1.0794552570724
"2022-09-06",-0.824900948964036,-1.34258672628942,-0.410346469089617
"2022-09-07",0.921135547242624,1.86205172969616,1.81748486661704
"2022-09-08",-0.966438334310027,1.9925661847803,0.65889668804413
"2022-09-09",1.86644444910478,2.79822730253318,1.5156014981212
"2022-09-12",3.7785189129286,0.816819027222415,1.05286514839964
"2022-09-13",-6.04718296669171,-9.9517425083985,-4.41991630319745
"2022-09-14",0.950994212146306,-0.0228387836195054,0.338128907884538
"2022-09-15",-1.91111922708957,-1.5274716751795,-1.13822721681505
"2022-09-16",-1.10206894543552,2.05925189314571,-0.720804977566303
"2022-09-19",2.47736506741951,1.38452266119606,0.683369772470499
"2022-09-20",1.55439332370841,-1.55134699137527,-1.13361147365989
"2022-09-21",-2.04759178434095,0.643045867962355,-1.72646740985076
"2022-09-22",-0.639568604938745,-5.42307542499412,-0.846329383045408
"2022-09-23",-1.52393675741642,-0.358874704193735,-1.73828287673299
"2022-09-26",0.22579223555601,-2.3279606613567,-1.0394360890281
"2022-09-27",0.654448841882793,1.50160848536989,-0.212261095482447
"2022-09-28",-1.27320814076954,2.56882320366971,1.94811441811531
"2022-09-29",-5.03664600775542,-4.13587267457767,-2.13527948230983
"2022-09-30",-3.04997424378062,-0.665062426069696,-1.51813515462091
"2022-10-03",3.02890992332552,3.02648655378261,2.55545775309294
"2022-10-04",2.5300323368417,5.10254756940665,3.01253414168006
"2022-10-05",0.205096049013864,0.318491818928335,-0.20199875589384
"2022-10-06",-0.664733602509049,-0.599877341121458,-1.02979229113949
"2022-10-07",-3.74098191331367,-8.36797800655944,-2.84031965314782
"2022-10-10",0.23529207307087,-3.41986702034145,-0.752067313365323
"2022-10-11",-1.0307964426401,-0.722377400336605,-0.654051841232395
"2022-10-12",-0.461569659864303,-0.745051525936491,-0.329619965016548
"2022-10-13",3.30602204489701,3.92204954833026,2.56342593076315
"2022-10-14",-3.27710300944881,-6.32459915343584,-2.39471207445288
"2022-10-17",2.87069315560036,5.72081041893275,2.61355245575619
"2022-10-18",0.93650936025389,0.662318431193931,1.13627682070874
"2022-10-19",0.0765053287596906,0.699474876596939,-0.669445523968548
"2022-10-20",-0.327234287385991,1.17965028265212,-0.798268673876557
"2022-10-21",2.66994613713001,2.20609425086069,2.34477598604474
"2022-10-24",1.46941835427477,1.06124804066585,1.18119402051118
"2022-10-25",1.91530243397429,5.12099285853345,1.61357700158735
"2022-10-26",-1.98225755509549,-2.79104079618624,-0.741514039898838
"2022-10-27",-3.09389081765614,2.14799492822388,-0.610118505318447
"2022-10-28",7.28343294678195,4.87322682334019,2.43280367708554
"2022-10-31",-1.55301458621473,-2.46618567946753,-0.748232703033658
"2022-11-01",-1.76982582020422,0.340226630357465,-0.410966372035837
"2022-11-02",-3.80187261490965,-2.42144839931324,-2.53198437374831
"2022-11-03",-4.33303998257175,1.51654168677751,-1.06424225319568
"2022-11-04",-0.194931300109413,5.33178714080407,1.3526823285563
"2022-11-07",0.389472177322947,1.01910294420251,0.956806167936008
"2022-11-08",0.41664502585288,2.08288963358152,0.558228282875994
"2022-11-09",-3.37531769818638,-5.82305052583192,-2.09967847123025
"2022-11-10",8.52363842306856,13.3912485210016,5.39525156647969
"2022-11-11",1.90853994703266,3.59795778617253,0.919831230477008
"2022-11-14",-0.953089523125428,-0.196162841980607,-0.89759405449179
"2022-11-15",1.17995816403891,2.25122762523084,0.867537641466853
"2022-11-16",-0.836617331607759,-4.64228891749214,-0.828628311187352
"2022-11-17",1.28882665066135,-1.47529422008188,-0.30941046442301
"2022-11-18",0.377456492731199,-1.72430189751118,0.474729564815846
"2022-11-21",-2.19187349039194,-0.598837274386321,-0.389124980027589
"2022-11-22",1.45544010915781,4.59974426886776,1.34886062698296
"2022-11-23",0.590912328895765,2.95505139878545,0.589726604173713
"2022-11-25",-1.97881932113093,-1.5188497065687,-0.0283084262202138
"2022-11-28",-2.66154999259713,-2.76056498864423,-1.55646967940655
"2022-11-29",-2.13747961004103,-1.19493573791716,-0.159313370162373
"2022-11-30",4.74501095492696,7.91616792122829,3.04786435212954
"2022-12-01",0.18895868579305,1.24492117239798,-0.0868009829606109
"2022-12-02",-0.337686872205545,-1.52307661714133,-0.119537466376229
"2022-12-05",-0.801511409089262,-1.58871277175523,-1.80562496309715
"2022-12-06",-2.56975920307889,-3.82290863925792,-1.45038694229864
"2022-12-07",-1.38806968843666,0.828479177794295,-0.186410725338249
"2022-12-08",1.20597731905674,6.30448678826028,0.749363441393314
"2022-12-09",-0.344083870119949,-0.983350334881861,-0.737671946421159
"2022-12-12",1.6257104123687,3.09267345876698,1.417830729965
"2022-12-13",0.675968431115326,3.0164951374263,0.726322325545681
"2022-12-14",-1.56578969756271,-2.22690056281563,-0.60711166238363
"2022-12-15",-4.79875756144335,-4.17088553724843,-2.52374779018254
"2022-12-16",-1.46858827231027,-2.27320893733167,-1.1200239946012
"2022-12-19",-1.60379071607544,-1.93148621317492,-0.904832894110363
"2022-12-20",-0.0528717499198805,-1.04520603002034,0.103680069788936
"2022-12-21",2.35303554460646,2.55338268983629,1.47585486690556
"2022-12-22",-2.40597050019735,-7.30221398417221,-1.45571424981465
"2022-12-23",-0.280194825789515,-0.870846192919528,0.585095227191523
"2022-12-27",-1.39753527157467,-7.40270420648255,-0.405784403465859
"2022-12-28",-3.11661029012829,-0.603766396169858,-1.20934704429487
"2022-12-29",2.79309037466922,3.96014366097468,1.73106343149936
"2022-12-30",0.246557215028709,0.0753189324572023,-0.254397564611075
"2023-01-03",-3.81221948357533,-2.06722012001137,-0.400857248127373
"2023-01-04",1.02613463291865,2.98673127462967,0.751069456213926
"2023-01-05",-1.06612847291006,-3.33661935085274,-1.17138691364573
"2023-01-06",3.61333690517824,4.07967166552137,2.25838355890318
"2023-01-09",0.408084020663324,5.04585615476731,-0.0767927325991735
"2023-01-10",0.444616117927943,1.78207474945458,0.695399797059437
"2023-01-11",2.08927445943505,0.576620146420037,1.27675711922937
"2023-01-12",-0.0599598826773295,3.13756773932976,0.341008491204242
"2023-01-13",1.00681975018198,2.32274082599022,0.398889214465648
"2023-01-17",0.871815310946467,4.64232534625002,-0.203255543099701
"2023-01-18",-0.538433516929437,-1.85301576823633,-1.56849669777444
"2023-01-19",0.0443747032889519,-3.5854224337815,-0.766767190181206
"2023-01-20",1.903836841546,6.2093922448275,1.8741673552352
"2023-01-23",2.32287288853437,7.31585130075869,1.18113159513289
"2023-01-24",1.0012317895673,0.374435414910534,-0.0711756364292881
"2023-01-25",-0.471161699202582,0.300618016384258,-0.0181741573465288
"2023-01-26",1.46949170090904,2.44867381710274,1.09477080291143
"2023-01-27",1.35914752645201,2.80348426143089,0.249173402170477
"2023-01-30",-2.02825146832337,-6.08885163208313,-1.30535693152929
"2023-01-31",0.898043658114034,1.93809658557411,1.45363044164188
"2023-02-01",0.786993450362505,6.94941196609977,1.03980562968857
"2023-02-02",3.63922447785798,3.59226983189207,1.45923846268534
"2023-02-03",2.41067974915241,-2.84540209308082,-1.0408592637285
"2023-02-06",-1.80913414289945,-0.0521467498255657,-0.615939319393988
"2023-02-07",1.90618435774708,5.01238987715458,1.27903640373983
"2023-02-08",-1.7810451863796,0.144212945741806,-1.11425730124122
"2023-02-09",-0.693541645474305,0.59268870949718,-0.8869009831038
"2023-02-10",0.245302436669448,-4.91819819726902,0.219285570921812
"2023-02-13",1.86321897001749,2.42968409312936,1.13835699511551
"2023-02-14",-0.423381541361945,5.28733680888092,-0.028045385549369
"2023-02-15",1.38076112090566,-0.905246359094036,0.276933753307596
"2023-02-16",-1.0484196612131,-3.40467970932918,-1.38846892048807
"2023-02-17",-0.757533310024616,-2.83033283635659,-0.277124217228319
"2023-02-21",-2.70420199169799,-3.48726405363662,-2.0244783973471
"2023-02-22",0.289166337278512,0.478152738784798,-0.157479548564332
"2023-02-23",0.328520981310998,13.1216065160181,0.531527826323774
"2023-02-24",-1.81694453171488,-1.61028724544114,-1.05934646197756
"2023-02-27",0.821364220140985,0.91906289718664,0.306829253955243
"2023-02-28",-0.345351733426558,-1.22010187902277,-0.304061983094783
"2023-03-01",-1.43487883352522,-2.25649471193319,-0.473646420349283
"2023-03-02",0.412081202599524,2.67771241245565,0.755359373119724
"2023-03-03",3.44886565599971,2.44058791829009,1.60187491764834
"2023-03-06",1.83692839005367,-1.41640011123423,0.0686930778847739
"2023-03-07",-1.46023529501722,-1.1187860604335,-1.54455904792634
"2023-03-08",0.834210690184101,3.76290524327771,0.141379413560294
"2023-03-09",-1.50267802615662,-3.12936458342397,-1.86318579454809
"2023-03-10",-1.39759790283946,-2.03020975552937,-1.45839694360674
"2023-03-13",1.31789200173804,0.00434077952053968,-0.151090184073865
"2023-03-14",1.39907222205053,4.66605497424362,1.63423882353637
"2023-03-15",0.261787042715778,0.683352720413621,-0.700536392935369
"2023-03-16",1.85217222496892,5.27759609158229,1.74095762490314
"2023-03-17",-0.54692591546539,0.717836321102983,-1.10806212739529
"2023-03-20",1.53652099109793,0.677967291366866,0.88788696359412
"2023-03-21",1.18734336271764,1.14782539600098,1.28986475185577
"2023-03-22",-0.914502608721435,1.02153316104019,-1.66002486398416
"2023-03-23",0.694529476440753,2.6949279159195,0.298008386918269
"2023-03-24",0.82712163482892,-1.52677969104542,0.562396308430202
"2023-03-27",-1.23693278855646,-0.930412619832666,0.164559956376742
"2023-03-28",-0.398827118900336,-0.457112046280717,-0.157508328838851
"2023-03-29",1.95973501889135,2.15013402783977,1.41368707750473
"2023-03-30",0.984139290532227,1.46782684895541,0.569899919948291
"2023-03-31",1.55233212529264,1.42859513006255,1.43333277820368
"2023-04-03",0.76718475794868,0.674536243814083,0.369202256580259
"2023-04-04",-0.325488888318759,-1.84781806411705,-0.581383974516214
"2023-04-05",-1.13545329387659,-2.10557210755953,-0.249548165712099
"2023-04-06",0.548093743756262,0.578656441266245,0.357277313280235
"2023-04-10",-1.61014579466823,1.98482949189192,0.0995807017009298
"2023-04-11",-0.762008803224834,-1.49781249947663,-0.00413533329819415
"2023-04-12",-0.436249121607446,-2.51204832814973,-0.414345632346169
"2023-04-13",3.35349103034295,-0.120842189932402,1.31755104978311
"2023-04-14",-0.211629653904666,1.10859084552342,-0.207151758457869
"2023-04-17",0.0120891064908868,0.907739778166983,0.330070358261558
"2023-04-18",0.747681418233537,2.43295183015406,0.0854854803465699
"2023-04-19",0.694399529729051,0.949666229876023,-0.00842655479402765
"2023-04-20",-0.586333237628356,-3.00558859457527,-0.597033518831047
"2023-04-21",-0.982916032295833,0.0553380538536263,0.0902781257300589
"2023-04-24",0.187695118972808,-0.28434127722945,0.0851216778272601
"2023-04-25",-0.948050108767262,-3.00681143253474,-1.59371838185773
"2023-04-26",-0.00611719542886746,2.68828900964393,-0.384858350334483
"2023-04-27",2.79995882128681,0.996656108545224,1.93771934026969
"2023-04-28",0.751273465944902,1.90271735431913,0.821933131324393
"2023-05-01",-0.0530491066792038,4.09879527163386,-0.0386181048510181
"2023-05-02",-0.621071297744624,-2.45111124724842,-1.16539066805732
"2023-05-03",-0.648815344686327,-1.45686397855167,-0.70229080548927
"2023-05-04",-0.996322774160863,-0.86698709445332,-0.724491345506273
"2023-05-05",4.5859355027984,3.97620718287564,1.83061663818798
"2023-05-08",-0.0403470350872404,1.6289162933258,0.045202648488285
"2023-05-09",-1.00212145722356,-2.00969185525359,-0.458993894906001
"2023-05-10",1.03670562672296,1.09301631620773,0.447394224191378
"2023-05-11",0.109410920857389,-1.06853507269542,-0.169806488970536
"2023-05-12",-0.54322120696817,-0.836283150489114,-0.15845615894392
"2023-05-15",-0.290147906940952,2.13995244093104,0.295379768031623
"2023-05-16",0,0.893994321041536,-0.639810768191751
"2023-05-17",0.359652575961888,3.24995811362694,1.18206886220715
"2023-05-18",1.35735477379066,4.85089709771303,0.940072306372741
"2023-05-19",0.0628268160272505,-1.31551173047777,-0.144691388067564
"2023-05-22",-0.549593023926143,-0.281862140073041,0.0155022679802386
"2023-05-23",-1.52710048111766,-1.57769138940429,-1.12854687682837
"2023-05-24",0.163086091143594,-0.489986080885174,-0.734551267830597
"2023-05-25",0.667003294122104,21.8088044863128,0.871945607901203
"2023-05-26",1.40062096874711,2.5116250887018,1.29646809316402
"2023-05-30",1.0603211433537,2.94746545154774,0.00166031306658709
"2023-05-31",-0.0282160143039611,-5.84425455292461,-0.612735818621424
"2023-06-01",1.58955728178594,4.990473348695,0.980621508585422
"2023-06-02",0.476395118426787,-1.12015063190829,1.4429812390107
"2023-06-05",-0.759981138143218,-0.397481244160325,-0.200559149065782
"2023-06-06",-0.20626205000811,-1.3286437856264,0.235113023385125
"2023-06-07",-0.778630852161655,-3.08726607068563,-0.3819293926421
"2023-06-08",1.5346608545129,2.72440183920382,0.616957160752385
"2023-06-09",0.215750183666064,0.672871533549735,0.114740102305078
"2023-06-12",1.55176944759674,1.81979821246077,0.927797498175487
"2023-06-13",-0.261503898937665,3.82637807038537,0.690857072590845
"2023-06-14",0.348522926827588,4.70218169947674,0.0819089980126364
"2023-06-15",1.11364591048799,-0.803267981518241,1.210458049359
"2023-06-16",-0.587705910673986,0.0913818043262626,-0.367837646775193
"2023-06-20",0.0486605140086915,2.58049416358306,-0.47463538352357
"2023-06-21",-0.569145397140769,-1.75703820577802,-0.525908636692485
"2023-06-22",1.63899647906636,-0.0464574595627987,0.370393038733496
"2023-06-23",-0.17125501624351,-1.9147963882566,-0.768828805650301
"2023-06-26",-0.758172684752623,-3.80776134206009,-0.449693436313225
"2023-06-27",1.49468289264432,3.01569104129147,1.13907335241823
"2023-06-28",0.630788479684874,-1.82913509356797,-0.0354139388390351
"2023-06-29",0.179501528536807,-0.720024334107672,0.446356811449
"2023-06-30",2.28396450572808,3.56132135381579,1.21943502618862
"2023-07-03",-0.781515871814786,0.262028654894086,0.116999309267207
"2023-07-05",-0.588866199655058,-0.226567743394135,-0.197025809761264
"2023-07-06",0.250564195293279,-0.506988399487129,-0.795406117589437
"2023-07-07",-0.590875747884656,0.945550532865269,-0.286921279573349
"2023-07-10",-1.0915264993093,-0.762862924721786,0.240213861062699
"2023-07-11",-0.281379343119159,0.532011243234987,0.671958399825456
"2023-07-12",0.89453681827445,3.46937067708111,0.738390523538968
"2023-07-13",0.404923822791403,4.61814450175457,0.843448298962635
"2023-07-14",0.0787077860676888,-1.11104392111105,-0.102493219690736
"2023-07-17",1.71572154332562,2.15824620895737,0.384796957442113
"2023-07-18",-0.134091035027151,2.19901215795231,0.70920669414285
"2023-07-19",0.704667349956889,-0.881886314129288,0.235513482723348
"2023-07-20",-1.01486092610124,-3.36329106418156,-0.677982739625804
"2023-07-21",-0.618076588456073,-2.69640612121593,0.0324042014613113
"2023-07-24",0.421125833257818,0.681527256777059,0.402603849687466
"2023-07-25",0.450325498329374,2.36358941550474,0.281071957583912
"2023-07-26",0.453498000188901,-0.498188221037799,-0.0155450978676086
"2023-07-27",-0.660296347971912,0.980827877071011,-0.644539305519665
"2023-07-28",1.34175179413711,1.83490068015781,0.98293758104333
"2023-07-31",0.316116531942345,-0.0449284116555315,0.146763543656903
"2023-08-01",-0.428495630719894,-0.476212677860977,-0.266864530768274
"2023-08-02",-1.56114698379195,-4.93180005659459,-1.39362006383354
"2023-08-03",-0.734851180572793,0.554145780282367,-0.255122545029174
"2023-08-04",-4.92112932186011,0.369989925895853,-0.531416937393914
"2023-08-07",-1.74043484767221,1.63602577431954,0.898361896485689
"2023-08-08",0.529769644751354,-1.671855495049,-0.422720510005803
"2023-08-09",-0.899467826760425,-4.83939162202387,-0.706361910204656
"2023-08-10",-0.123545780019718,-0.390866676503876,0.0250682521080847
"2023-08-11",0.0337474012418681,-3.68361766415535,-0.107026489922823
"2023-08-14",0.93494692790248,6.85309986642619,0.573400487941811
"2023-08-15",-1.12636782395414,0.426497859240538,-1.16181393960968
"2023-08-16",-0.497129951376962,-1.03861771273359,-0.758408179262382
"2023-08-17",-1.46621935124847,-0.327053759937179,-0.774281137752908
"2023-08-18",0.281230173812297,-0.103897636575434,-0.0148717883957872
"2023-08-21",0.770705990147125,8.1315781801417,0.685563485980012
"2023-08-22",0.787362150845805,-2.80473037835374,-0.278133104654543
"2023-08-23",2.17113835717067,3.12148900022717,1.09843307107909
"2023-08-24",-2.65189291223775,0.0996954023821495,-1.35493539840077
"2023-08-25",1.25639837451343,-2.45770251208643,0.669550106029604
"2023-08-28",0.880726952359634,1.75980543191008,0.624507859419587
"2023-08-29",2.15755729272633,4.07716596980863,1.44040687120572
"2023-08-30",1.89908991988679,0.979127086346132,0.382585418119241
"2023-08-31",0.117174839878675,0.184555551477272,-0.159821297433993
"2023-09-01",0.842771062995773,-1.7289709906017,0.179751276551876
"2023-09-05",0.126581402177717,0.0803546307130976,-0.420299782138223
"2023-09-06",-3.64494647439839,-3.1026136792518,-0.699601449143117
"2023-09-07",-2.96855821852438,-1.75776190172252,-0.321643311573361
"2023-09-08",0.348551285930032,-1.45734306878635,0.14256060622575
"2023-09-11",0.660081308208493,-0.868323484160616,0.670095149813577
"2023-09-12",-1.72078661834822,-0.684091399245634,-0.571216902300442
"2023-09-13",-1.1925671523926,1.36133090935648,0.124086211753394
"2023-09-14",0.874416054567462,0.210828721209477,0.83945855336669
"2023-09-15",-0.416261587279276,-3.75766542375495,-1.2234145842493
"2023-09-18",1.67719799018133,0.150228924838824,0.0721027694174481
"2023-09-19",0.616174283723225,-1.01958230600965,-0.215332736153329
"2023-09-20",-2.01945556652383,-2.98768578476318,-0.943920420629141
"2023-09-21",-0.892941992329455,-2.93573447454358,-1.65369183184882
"2023-09-22",0.493243681702182,1.43539551743261,-0.229823740276025
"2023-09-25",0.735333632183632,1.46010342331939,0.401499420380702
"2023-09-26",-2.3676707950596,-0.739326987398314,-1.48441654822644
"2023-09-27",-0.893732621479781,1.32025822056985,0.0229287772294029
"2023-09-28",0.152457409649642,1.4516833182225,0.587587714300142
"2023-09-29",0.304165091094344,0.947029414685163,-0.271325964829039
"2023-10-02",1.47266062893427,2.90682163454825,0.00793644061527488
"2023-10-03",-0.780004167304948,-2.86544590003883,-1.38393958634477
"2023-10-04",0.728205806885196,1.19692274117846,0.80770476078289
"2023-10-05",0.7172208123845,1.45839813469237,-0.130488114699645
"2023-10-06",1.46427536572578,2.37491872882409,1.17456420939615
"2023-10-09",0.841574016524405,-1.07435017903397,0.628406811938831
"2023-10-10",-0.335778455597069,1.15298644690669,0.519447609998558
"2023-10-11",0.787272917723048,2.1770869123241,0.428381950009538
"2023-10-12",0.504859316245287,0.296534367284407,-0.626602494065587
"2023-10-13",-1.03461311637281,-3.21217794715158,-0.503149566021932
"2023-10-16",-0.0727131400178216,1.38497171710137,1.05386423025902
"2023-10-17",-0.882337537502753,-4.7925026290399,-0.00982498794446229
"2023-10-18",-0.742229598848976,-4.04542029346375,-1.34904082511511
"2023-10-19",-0.216353898819932,-0.225379804112658,-0.851903232805817
"2023-10-20",-1.48134255843049,-1.71047183894824,-1.2665149196156
"2023-10-23",0.0693938289340501,3.76517190658454,-0.168699206543543
"2023-10-24",0.254012033112971,1.58824197211174,0.723952351962964
"2023-10-25",-1.35836463133092,-4.41073651621346,-1.44434346572382
"2023-10-26",-2.49133906894414,-3.53972119664245,-1.19030812055847
"2023-10-27",0.793794435886497,0.430562427170766,-0.481183857862177
"2023-10-30",1.22300197043597,1.61893036939853,1.19384743002868
"2023-10-31",0.281489265730084,-0.92996778808101,0.645408482168719
"2023-11-01",1.85653709154225,3.71862138685581,1.04511949901926
"2023-11-02",2.04819195808854,2.75209159398173,1.86829389340861
"2023-11-03",-0.519465221625381,3.38747577199388,0.934988354455157
"2023-11-06",1.44995657439972,1.64400463816263,0.17514577241009
"2023-11-07",1.43474484081416,0.44490795059211,0.283609340171154
"2023-11-08",0.586762889586723,1.33797100468089,0.100441103242055
"2023-11-09",-0.262785181452596,0.804078960552435,-0.811669069906884
"2023-11-10",2.29543945574191,2.9072863254068,1.54957592707721
"2023-11-13",-0.862077568512376,0.587882985084587,-0.0836188441370567
"2023-11-14",1.41847091508192,2.10841468356384,1.88953704745778
"2023-11-15",0.30363931135593,-1.55870220033667,0.159573820784686
"2023-11-16",0.90015774173251,1.2036568632031,0.118971939671297
"2023-11-17",-0.0105516510744863,-0.368502420105177,0.1281227937179
"2023-11-20",0.923526830194543,2.22862363278553,0.736310379379468
"2023-11-21",-0.423954012983341,-0.926750650751584,-0.202297593175693
"2023-11-22",0.350821523066003,-2.48949192846184,0.405290509431389
"2023-11-24",-0.702902528184435,-1.9483971208818,0.0596695609644371
"2023-11-27",-0.0948016518416139,0.970672072282008,-0.195606931689873
"2023-11-28",0.320888854375667,-0.876529677388627,0.0979638528050941
"2023-11-29",-0.542426532174822,0.66487238207289,-0.0946696615102383
"2023-11-30",0.305810249877858,-2.88715495608827,0.377693126499423
"2023-12-01",0.676837220707682,-0.0106845001383693,0.58565589538464
"2023-12-04",-0.950966837197154,-2.7203052688983,-0.542318806382625
"2023-12-05",2.08444213820433,2.30264287171313,-0.0569031593935065
"2023-12-06",-0.570323472686862,-2.3092342880604,-0.391385194494376
"2023-12-07",1.00880581751319,2.37364979799066,0.793661068482265
"2023-12-08",0.738517435722841,1.93412675827616,0.408713414650386
"2023-12-11",-1.30117358755699,-1.86762759285157,0.391681354778051
"2023-12-12",0.788924532609503,2.18499137255161,0.458881279569212
"2023-12-13",1.65535144176596,0.900301856229868,1.35583451750207
"2023-12-14",0.0757442264864849,0.543337926044929,0.264356518515463
"2023-12-15",-0.272946573305077,1.11068402470789,-0.00762524004489507
"2023-12-18",-0.853972601454434,2.39888942538453,0.451812226340031
"2023-12-19",0.534583937072775,-0.94904408328782,0.584926745082015
"2023-12-20",-1.0771698916594,-3.05606475317108,-1.47931479653067
"2023-12-21",-0.07703575318736,1.81053851142252,1.02487693072728
"2023-12-22",-0.556274245117994,-0.32712534620174,0.165868215275999
"2023-12-26",-0.284505986520411,0.915318870320236,0.422276104697872
"2023-12-27",0.0517813342024276,0.279644280446645,0.142943561642284
"2023-12-28",0.222377047378419,0.212247666392873,0.0370106110327839
"2023-12-29",-0.543872046890037,0,-0.283047703673489
"2024-01-02",-3.64429738797805,-2.77221032042543,-0.567666079972184
"2024-01-03",-0.751554815095812,-1.25135762256297,-0.804861832719794
"2024-01-04",-1.27815454690863,0.897823337404446,-0.3434271663318
"2024-01-05",-0.402104344807963,2.2638380183432,0.182402163943429
"2024-01-08",2.38872465560771,6.22993423872851,1.40159454363538
"2024-01-09",-0.226601883446431,1.68327997090687,-0.147899385231831
"2024-01-10",0.565553120317563,2.25146338144433,0.564998065049593
"2024-01-11",-0.322771942288025,0.864679343619201,-0.067128083696133
"2024-01-12",0.17765015632456,-0.204497620215571,0.0750693753033715
"2024-01-16",-1.23937109113914,3.0103448385288,-0.373831905235633
"2024-01-17",-0.5186934377444,-0.585214222634711,-0.563273127110797
"2024-01-18",3.20518096951137,1.86289431688325,0.876672072624274
"2024-01-19",1.54133535342593,4.0898328481827,1.22383082325488
"2024-01-22",1.20900196337157,0.273616466075044,0.219192118723122
"2024-01-23",0.663105041956236,0.366440847020577,0.291711534076455
"2024-01-24",-0.348983165405503,2.45650784425413,0.0811598976216743
"2024-01-25",-0.169822695034938,0.414714691616602,0.524657813497953
"2024-01-26",-0.905369262823363,-0.955603564769447,-0.0651997755426237
"2024-01-29",-0.359225613211933,2.32245267687716,0.752836550524627
"2024-01-30",-1.94334198641393,0.493455133787002,-0.0600830396980001
"2024-01-31",-1.95474162533396,-2.00648221819169,-1.62368517407323
"2024-02-01",1.32525510656825,2.40871896586086,1.24162861140498
"2024-02-02",-0.541993360502957,4.85129251152934,1.06277707226319
"2024-02-05",0.979854239980327,4.68304130218034,-0.319142470928391
"2024-02-06",0.859462815961898,-1.6124835629963,0.230774593174843
"2024-02-07",0.0580990407162751,2.71266202277829,0.82076825940085
"2024-02-08",-0.577142952828424,-0.655489218702954,0.0570420540091376
"2024-02-09",0.40856837078147,3.51581151965696,0.572591712879422
"2024-02-12",-0.904271905115017,0.159293178698672,-0.0949404142652099
"2024-02-13",-1.13382733838199,-0.16624133258496,-1.3768609419845
"2024-02-14",-0.482145543718904,2.42707892899414,0.953416830421716
"2024-02-15",-0.157583610251866,-1.69491202656857,0.580437267404044
"2024-02-16",-0.846628668505911,-0.062003805644828,-0.48150435759613
"2024-02-20",-0.41223623858766,-4.45077607459714,-0.60234264658181
"2024-02-21",0.417718775903886,-2.89232192722038,0.126340149510362
"2024-02-22",1.11812261505708,15.1869885299618,2.0902888666404
"2024-02-23",-1.00847578529466,0.354598920140425,0.0347887026501681
"2024-02-26",-0.747907013850835,0.348315507694519,-0.379393924466775
"2024-02-27",0.808145938617422,-0.495596304801893,0.170489553872066
"2024-02-28",-0.664734457977012,-1.32769541955167,-0.165953132111163
"2024-02-29",-0.370004337501229,1.84855750609776,0.521547045579851
"2024-03-01",-0.604860943632346,3.92514985783059,0.797593643338779
"2024-03-04",-2.57087247343062,3.53196565502172,-0.119397457496184
"2024-03-05",-2.88533720511719,0.853999146268603,-1.0245406275919
"2024-03-06",-0.589552493067114,3.13310790035306,0.512793285300184
"2024-03-07",-0.0710034388303526,4.37742332739264,1.02514022849842
"2024-03-08",1.01847737776675,-5.7075328491015,-0.654992299205048
"2024-03-11",1.17621829106831,-2.02427578811388,-0.112286826802865
"2024-03-12",0.27745467299134,6.91266168583464,1.11395125866682
"2024-03-13",-1.21965623244433,-1.12145976473839,-0.192638400212175
"2024-03-14",1.08681194441091,-3.29277479836936,-0.287522105149485
"2024-03-15",-0.219875856498142,-0.121726493986962,-0.650402285973861
"2024-03-18",0.635205492216429,0.701102078841309,0.62981842384815
"2024-03-19",1.3493624912237,1.06044081736298,0.563325304434237
"2024-03-20",1.46019378884246,1.08362462508254,0.886476551636051
"2024-03-21",-4.17156103859755,1.1693651481405,0.323130909452907
"2024-03-22",0.529613303258625,3.07362899019097,-0.140317183432614
"2024-03-25",-0.833482648711659,0.753327959075367,-0.305964038203221
"2024-03-26",-0.669502936337363,-2.60298904391751,-0.28037219828061
"2024-03-27",2.09906828790647,-2.52842758936422,0.859359558270612
"2024-03-28",-1.06153894888434,0.117373038598245,0.111586270076103
"2024-04-01",-0.849162289137784,0.00774772034306537,-0.201561452695742
"2024-04-02",-0.702329762368503,-1.0132801362742,-0.726538820367217
"2024-04-03",0.478608901056443,-0.547026624769131,0.109052752333838
"2024-04-04",-0.490440654270596,-3.49899154230631,-1.24110356192624
"2024-04-05",0.449180253497605,2.41859767351054,1.10380501356993
"2024-04-08",-0.668599865843511,-0.999221447874898,-0.0374701190041904
"2024-04-09",0.72163413757389,-2.0628454243341,0.144444947363453
"2024-04-10",-1.12016585717409,1.95491260736551,-0.950198183221218
"2024-04-11",4.23606206892231,4.02744612660459,0.741722198334216
"2024-04-12",0.858985206282625,-2.71825465104865,-1.46575878022475
"2024-04-15",-2.21060494814456,-2.50893821751017,-1.20941957874603
"2024-04-16",-1.93533832961039,1.63080705363976,-0.205862452750338
"2024-04-17",-0.818088173480547,-3.94334467254334,-0.57973750760052
"2024-04-18",-0.573057550517753,0.753961857147445,-0.221060170048482
"2024-04-19",-1.2287861552629,-10.5411602337173,-0.879712965405588
"2024-04-22",0.507794132839035,4.26220081580091,0.869335115683789
"2024-04-23",0.637154740540691,3.5881059363744,1.18935665677231
"2024-04-24",1.26221269116389,-3.38837192877115,0.0212987377931739
"2024-04-25",0.513425855935701,3.64161023773635,-0.45869342701188
"2024-04-26",-0.347876453890894,5.99240134687733,1.01573813323252
"2024-04-29",2.45050503050779,0.0250690085717764,0.317340807663946
"2024-04-30",-1.84398018777863,-1.55608438107571,-1.58555511189284
"2024-05-01",-0.606524842729161,-3.96764146338651,-0.344135348563057
"2024-05-02",2.17925966015855,3.2882811491155,0.908702472508338
"2024-05-03",5.80954412964312,3.4045523206558,1.24785576595094
"2024-05-06",-0.914850502889752,3.7046272792705,1.02731736912478
"2024-05-07",0.379005223016815,-1.73627088603876,0.13425282288253
"2024-05-08",0.186238885721313,-0.156916099182514,-0.000583563519462871
"2024-05-09",0.996437211128942,-1.85875143983516,0.507803263910844
"2024-05-10",-0.691413655830253,1.26635756055151,0.164804008016617
"2024-05-13",1.74916203128159,0.578006533488029,-0.0241333173866209
"2024-05-14",0.615462605466899,1.05307348094366,0.482614852745478
"2024-05-15",1.21438289166607,3.5210620205623,1.16478277873
"2024-05-16",0.063222489376269,-0.28680948737545,-0.208383747408902
"2024-05-17",0.0158054636603566,-2.01248417593689,0.116409568789422
"2024-05-20",0.614311349010954,2.45766492631629,0.0915970308490444
"2024-05-21",0.68338386087019,0.637349812760846,0.249874976689313
"2024-05-22",-0.75669053885159,-0.458146801417758,-0.270979120935166
"2024-05-23",-2.12830252626883,8.91059553716556,-0.740816228347185
"2024-05-24",1.64519201954638,2.53975842787995,0.697664907667317
"2024-05-28",0.0052946129838638,6.74758930168053,0.0248770906885909
"2024-05-29",0.157761049610983,0.807930070596363,-0.739431721574313
"2024-05-30",0.524136243267215,-3.8393466525541,-0.599295753575291
"2024-05-31",0.50060480067966,-0.787721361380189,0.799582423192824
"2024-06-03",0.921621110332094,4.77936196177655,0.111546022353437
"2024-06-04",0.164791076162896,1.24183629884937,0.150168100378423
"2024-06-05",0.779050697803108,5.02707546369603,1.17780158499556
"2024-06-06",-0.712185281191768,-1.18471333158938,-0.019983660163625
"2024-06-07",1.23159129830563,-0.0909524118193339,-0.111584205027881
"2024-06-10",-1.9333456078404,0.743376610831437,0.257752997824134
"2024-06-11",7.01313277047841,-0.716962344746719,0.270671485520957
"2024-06-12",2.81776749378384,3.48659804623974,0.846772024188702
"2024-06-13",0.547619581864645,3.46175192605642,0.234191143711726
"2024-06-14",-0.820201989546643,1.73626011515333,-0.039393828099854
"2024-06-17",1.94804705386025,-0.684783235900532,0.76351643723207
"2024-06-18",-1.10451565397778,3.45173248552575,0.251815418151757
"2024-06-20",-2.17477352397095,-3.60455585992341,-0.252912739541244
"2024-06-21",-1.04992921538232,-3.27211062185668,-0.156335171882382
"2024-06-24",0.312769756450759,-6.91790550396396,-0.306987915586809
"2024-06-25",0.445826887363765,6.53795885852038,0.392587367918296
"2024-06-26",1.97959281887901,0.245547624338371,0.157119622472024
"2024-06-27",0.397818158047958,-1.92504884128466,0.0906909856798421
"2024-06-28",-1.63877922571496,-0.363589413974541,-0.409201346236898
"2024-07-01",2.86891013699595,0.61329680633122,0.267199098142967
"2024-07-02",1.61094164123261,-1.32002125859483,0.617620577118494
"2024-07-03",0.579416187986226,4.47177644628995,0.50715622695332
"2024-07-05",2.13901124586666,-1.92838458174327,0.543397436096882
"2024-07-08",0.651752044875487,1.86597055783624,0.101618247640545
"2024-07-09",0.376781782621993,2.4502462421502,0.0740797478064437
"2024-07-10",1.86289733183767,2.65140858964177,1.01563148781061
"2024-07-11",-2.34946635083553,-5.72762273156524,-0.880164996926602
"2024-07-12",1.29663624748222,1.43393673001162,0.550186402496422
"2024-07-15",1.66047849223627,-0.620914980292753,0.282221642335401
"2024-07-16",0.179019111977752,-1.63270170746381,0.636904997145216
"2024-07-17",-2.56213407946886,-6.85351533317107,-1.40254415236445
"2024-07-18",-2.07486990200652,2.59341855286541,-0.784711214535072
"2024-07-19",0.0579638361194235,-2.64427934133238,-0.716587922640599
"2024-07-22",-0.156142081195032,4.64738600903694,1.07342172462204
"2024-07-23",0.467730961151958,-0.771968805214662,-0.155931769394613
"2024-07-24",-2.9175840443207,-7.04563697582206,-2.34212422228932
"2024-07-25",-0.481604744134767,-1.73933592230648,-0.515588901971675
"2024-07-26",0.215875242450014,0.692297851038859,1.10294204095709
"2024-07-29",0.128375751706944,-1.30870887939292,0.081297957182791
"2024-07-30",0.256279269725468,-7.30400581762067,-0.497251436136636
"2024-07-31",1.48794406026083,12.0553367578857,1.56699807019169
"2024-08-01",-1.6892605995638,-6.90722574056464,-1.37881237919899
"2024-08-02",0.68459190750092,-1.79235775973314,-1.85529066085532
"2024-08-05",-4.93656241301359,-6.56889597722046,-3.0427041392393
"2024-08-06",-0.979599193276126,3.71317541489429,1.03008494935999
"2024-08-07",1.2420621267065,-5.25813848484642,-0.776471538877033
"2024-08-08",1.64966334983205,5.94641747550986,2.2781139590899
"2024-08-09",1.36423689451641,-0.209802067390985,0.466079843438116
"2024-08-12",0.710464860349092,3.99549356432978,0.0043033051721153
"2024-08-13",1.70470211079961,6.32648914011709,1.67072334190497
"2024-08-14",0.203154164839425,1.65660315576215,0.381643656119834
"2024-08-15",1.34397908373431,3.96830021269476,1.6004489931305
"2024-08-16",0.590111326231924,1.39025663058625,0.198780236839546
"2024-08-19",-0.070814222127602,4.25864606857278,0.967532743617738
"2024-08-20",0.274099051814503,-2.13808750334188,-0.198652723760873
"2024-08-21",-0.0485873052108232,0.977551302020085,0.423071472100567
"2024-08-22",-0.829390565017629,-3.77465610800503,-0.897294225665668
"2024-08-23",1.02356438794953,4.44941860114154,1.14179374016636
"2024-08-26",0.149763738054709,-2.27506233650834,-0.315871016960578
"2024-08-27",0.373457988240666,1.44453071110116,0.159392511272394
"2024-08-28",-0.677639308609734,-2.11895180569464,-0.599390079473494
"2024-08-29",1.4465076154571,-6.59779551566801,-0.00393798434377146
"2024-08-30",-0.344391610457961,1.50239221717818,1.00424570791446
"2024-09-03",-2.75822115842983,-10.0096593887786,-2.13779633723981
"2024-09-04",-0.865602371715735,-1.67130316689423,-0.160382902738121
"2024-09-05",0.690387442210216,0.937125757062063,-0.302258101467423
"2024-09-06",-0.703973849692385,-4.17123111739208,-1.74109445074233
"2024-09-09",0.0407536859860613,3.47860703009895,1.15135344358173
"2024-09-10",-0.36280369273447,1.51934412608616,0.446269997779503
"2024-09-11",1.15185629065016,7.83478411485019,1.06085556498421
"2024-09-12",0.0493824952961575,1.89802999114885,0.746735215680339
"2024-09-13",-0.121261426569497,-0.0335805489513952,0.539314223435561
"2024-09-16",-2.8168338085246,-1.96716349703969,0.125584086731045
"2024-09-17",0.217039324524926,-1.02424230909799,0.0264515093896023
"2024-09-18",1.78298530308441,-1.93926311367321,-0.290065870831313
"2024-09-19",3.63951382380208,3.89255434127245,1.68343568927263
"2024-09-20",-0.293179624477524,-1.59920832677196,-0.194291363001575
"2024-09-23",-0.760990282948271,0.22387708223901,0.28053344257124
"2024-09-24",0.396622204185171,3.88866583787495,0.25080311033463
"2024-09-25",-0.44079313089318,2.16065296915202,-0.186298320621248
"2024-09-26",0.506750923951405,0.428189181153726,0.403054215819942
"2024-09-27",0.118587488786481,-2.15132104454554,-0.125400290007249
"2024-09-30",2.26142343259124,0.0329444486433239,0.422760365844077
"2024-10-01",-2.95746233177487,-3.72463573996509,-0.93678486944544
"2024-10-02",0.251657072471279,1.56882391485968,0.0138381326987513
"2024-10-03",-0.490666491759928,3.31018440698712,-0.168282865445946
"2024-10-04",0.499486264393312,1.6709435825434,0.893025569918571
"2024-10-07",-2.27885779495844,2.21668075648092,-0.963226382938842
"2024-10-08",1.82368625581359,3.96815358851841,0.964270680469426
"2024-10-09",1.65603849872511,-0.180768954899513,0.70882310169953
"2024-10-10",-0.218063473362662,1.61523046205252,-0.207226850598197
"2024-10-11",-0.652649343003464,-0.00742259139805412,0.60336087072983
"2024-10-14",1.63454921161428,2.39685781115924,0.767811457459366
"2024-10-15",1.09643523555336,-4.79938746479149,-0.763856603751378
"2024-10-16",-0.889129669529698,3.08269508006429,0.466823278278028
"2024-10-17",0.159505794800374,0.887597937791451,-0.0171175128537371
"2024-10-18",1.22017261378744,0.778396456234631,0.396368694277349
"2024-10-21",0.627821260164829,4.0543673659589,-0.18244327564183
"2024-10-22",-0.262514811094761,-0.0835547529515424,-0.0474966667196597
"2024-10-23",-2.18603403621707,-2.84672589344552,-0.923382426767994
"2024-10-24",-0.0823669318406495,0.60721487690305,0.214347313055718
"2024-10-25",0.363655488095027,0.801559323810341,-0.0299492013185798
"2024-10-28",0.856264286464636,-0.723266171441761,0.264793462673296
"2024-10-29",0.115614855483859,0.518162376623366,0.161282594490153
"2024-10-30",-1.53956932792925,-1.36145132901513,-0.330569167248917
"2024-10-31",-1.83773835569108,-4.83739056855912,-1.87901349287447
"2024-11-01",-1.33686572796181,1.9690369268595,0.408415800452566
"2024-11-04",-0.404573959080334,0.478905940296137,-0.281604481319064
"2024-11-05",0.646532239512521,2.7977004702656,1.21910310295625
"2024-11-06",-0.327233987870201,3.99323970611363,2.49812809571868
"2024-11-07",2.11469822459689,2.2209082257759,0.740375417399619
"2024-11-08",-0.118884631831051,-0.84318004944608,0.374979403571807
"2024-11-11",-1.21015983194326,-1.61838334213957,0.0968594190956296
"2024-11-12",0,2.06446082400662,-0.289685147693675
"2024-11-13",0.396122753143757,-1.37155388266006,0.0232200764141766
"2024-11-14",1.36766271909314,0.334419257835261,-0.606810858224449
"2024-11-15",-1.42097733473046,-3.3112316665445,-1.32914308667935
"2024-11-18",1.33329586118478,-1.29730410642193,0.391015974620679
"2024-11-19",0.113962851637073,4.77874579647288,0.395575052059627
"2024-11-20",0.314912787105381,-0.764770946374416,0.00219506213348097
"2024-11-21",-0.209829388692651,0.533222250875998,0.532625184428781
"2024-11-22",0.589011939381034,-3.2710161403072,0.346195959153661
"2024-11-25",1.29664603876707,-4.2673003387641,0.301592782012605
"2024-11-26",0.936052208307103,0.659492895878433,0.570569715526226
"2024-11-27",-0.0553249165801795,-1.16067065867993,-0.380848108357768
"2024-11-29",1.01639675599072,2.12733525596125,0.55921203968019
"2024-12-02",0.947753489435499,0.274509016336211,0.244546388058176
"2024-12-03",1.26909898160505,1.16890213723471,0.0451347242021782
"2024-12-04",0.148239369282788,3.4200974851232,0.603318162813693
"2024-12-05",0.0123575959561251,-0.0482278235171663,-0.187152583938222
"2024-12-06",-0.082326335584515,-1.82265241924977,0.24923453675374
"2024-12-09",1.59728516928501,-2.58149410790098,-0.616316728522648
"2024-12-10",0.412521157805745,-2.73127545272933,-0.296828431427976
"2024-12-11",-0.517942803633886,3.09083770996379,0.81326264113688
"2024-12-12",0.594609043929495,-1.42420304135342,-0.542873146146405
"2024-12-13",0.0685306747120862,-2.27558435671442,-0.00264669893716984
"2024-12-16",1.16593791405988,-1.69018651909978,0.379215500878516
"2024-12-17",0.967271207472109,-1.22718639892367,-0.387147948065625
"2024-12-18",-2.16546101916606,-1.14156641709053,-2.99365053045175
"2024-12-19",0.699016065110314,1.3637187623849,-0.086548675053777
"2024-12-20",1.86411599881735,3.02985209839024,1.0810479402398
"2024-12-23",0.306021828212,3.62324512748131,0.726084958561657
"2024-12-24",1.14127868682123,0.3930249344962,1.09822331651266
"2024-12-26",0.317054224079705,-0.207044171340076,-0.0405741088258083
"2024-12-27",-1.3330625341669,-2.10884748026778,-1.11173049649125
"2024-12-30",-1.3352151443498,0.349746523862393,-1.07596739417293
"2024-12-31",-0.708293874003019,-2.35497263169915,-0.429400645898248
"2025-01-02",-2.65862037093632,2.94959259960459,-0.222636314944857
"2025-01-03",-0.201149931853628,4.35744208669666,1.25173567078249
"2025-01-06",0.671652778116716,3.37561787891802,0.552276649681893
"2025-01-07",-1.14532123667672,-6.41862382302634,-1.11660215166367
"2025-01-08",0.202097678553237,-0.0213990433261202,0.155914409383051
"2025-01-10",-2.43989930041613,-3.04349787495442,-1.55316376502324
"2025-01-13",-1.03979459345949,-1.99159977048309,0.157420437805378
"2025-01-14",-0.47896421171032,-1.10947876803538,0.114562333416401
"2025-01-15",1.94848575060425,3.34359769388062,1.81471325045166
"2025-01-16",-4.12390137410998,-1.97923638497928,-0.21149243408658
"2025-01-17",0.750703260703034,3.05243813695126,0.994147830839331
"2025-01-21",-3.24361952144043,2.24033336326208,0.873000944059577
"2025-01-22",0.533072051226746,4.3355345771996,0.611918108699427
"2025-01-23",-0.0759803735040698,0.101932271905003,0.529941945952928
"2025-01-24",-0.394243019420859,-3.17443606225183,-0.28592159844667
"2025-01-27",3.12857652038723,-18.5946187656723,-1.46880590321121
"2025-01-28",3.58921397573546,8.54973951255245,0.917564417771644
"2025-01-29",0.46060380599684,-4.18757840315642,-0.468987605692028
"2025-01-30",-0.742206834409842,0.765073168668717,0.52615481521805
"2025-01-31",-0.671479211881554,-3.74350571976247,-0.505960399026684
"2025-02-03",-3.44422518703071,-2.88111112292588,-0.763769072949572
"2025-02-04",2.07902448356929,1.69142487850094,0.719890740302986
"2025-02-05",-0.14185271533913,5.07747713920823,0.390105391561413
"2025-02-06",0.322103795711648,3.03758058005181,0.363767435526618
"2025-02-07",-2.4260789783396,0.89742758117568,-0.950984569366042
"2025-02-10",0.118676554899277,2.8322888642931,0.669011229545369
"2025-02-11",2.15968744752235,-0.578143093003458,0.0339525143674635
"2025-02-12",1.81052913466138,-1.25788857418367,-0.272758318964783
"2025-02-13",1.94822328350028,3.11552522324172,1.03723132142353
"2025-02-14",1.26304346650272,2.59736075234391,-0.00719463955736188
"2025-02-18",-0.0531583742464647,0.395319454740406,0.244200365555081
"2025-02-19",0.163484628864907,-0.122024863318515,0.23741488668243
"2025-02-20",0.391284816425141,0.630066204751145,-0.434360488428887
"2025-02-21",-0.113959115093554,-4.13842196080303,-1.72113966725398
"2025-02-24",0.629240686130128,-3.1357722035545,-0.498149356625177
"2025-02-25",-0.0242838577854343,-2.84165086692507,-0.469071513839658
"2025-02-26",-2.74125152861773,3.60631939794711,0.0136015029584158
"2025-02-27",-1.281255756696,-8.85916171375847,-1.59917426785245
"2025-02-28",1.89512140704675,3.8932551197143,1.57297804206635
"2025-03-03",-1.58797141999489,-9.09489382214614,-1.77534026483102
"2025-03-04",-0.886148283490229,1.67793958399542,-1.23102882315056
"2025-03-05",-0.0805666267572391,1.12308644459818,1.10974725287356
"2025-03-06",-0.174075090208614,-5.90860425207076,-1.7979677107455
"2025-03-07",1.57676582868742,1.8991872250484,0.550543504545509
"2025-03-10",-4.96942124755746,-5.19988753861709,-2.73435417884293
"2025-03-11",-2.96238094513184,1.65018012348712,-0.759664691853601
"2025-03-12",-1.76333087779872,6.22947268807632,0.487496794049136
"2025-03-13",-3.42225403411867,-0.138338077376954,-1.39883668064655
"2025-03-14",1.80073800156366,5.13494366249425,2.10429059531982
"2025-03-17",0.238616275946146,-1.77450466049454,0.639563497460571
"2025-03-18",-0.61405005229167,-3.49030125972964,-1.07106670743207
"2025-03-19",1.19181085268796,1.79441566563998,1.0740608172954
"2025-03-20",-0.531053767255418,0.855745175910716,-0.218728351378239
"2025-03-21",1.92897399437797,-0.702700895061703,0.082431360783275
"2025-03-24",1.120733571938,3.10343078761166,1.74921171286382
"2025-03-25",1.35891347375985,-0.594800839497367,0.15730954906541
"2025-03-26",-0.997143915724052,-5.91343115330085,-1.12196403575986
"2025-03-27",1.04182984450265,-2.06943409109268,-0.331246100713223
"2025-03-28",-2.69400510426383,-1.59207057840796,-1.99346011268524
"2025-03-31",1.92265822282831,-1.18323894586405,0.552324035764507
"2025-04-01",0.476059695172548,1.61995160075445,0.377410455521243
"2025-04-02",0.313144996582171,0.244817501342887,0.670566142948381
"2025-04-03",-9.70133528138089,-8.12809975267417,-4.9605911828996
"2025-04-04",-7.5680239813293,-7.6422896393546,-6.16090618982312
"2025-04-07",-3.74260605329084,3.46998749757654,-0.233419460596274
"2025-04-08",-5.11018221425505,-1.38187965852365,-1.58250832770559
"2025-04-09",14.2617429929667,17.1620658656858,9.08948798330371
"2025-04-10",-4.33185196464319,-6.09472178841441,-3.52206070241117
"2025-04-11",3.97919713881087,3.07576381929513,1.79303808357769
"2025-04-14",2.18144387230694,-0.198525000911687,0.791331932634343
"2025-04-15",-0.187816296079291,1.33687550721948,-0.172927522530131
"2025-04-16",-3.97115561243639,-7.11916256989165,-2.26632539649021
"2025-04-17",1.38531905900159,-2.9131115454935,0.132595862377372
"2025-04-21",-1.95831735828893,-4.61774326393485,-2.38496483340196
"2025-04-22",3.34976777719653,2.02252749157932,2.48069521254504
"2025-04-23",2.4040188082644,3.7901327022464,1.65238643668797
"2025-04-24",1.82584676055093,3.55779927473288,2.00566280825836
"2025-04-25",0.435778268527898,4.21328943468833,0.73460847957012
"2025-04-28",0.410087650860547,-2.07524446905962,0.0640501539001193
"2025-04-29",0.507900806703176,0.266351797550612,0.57856415455575
"2025-04-30",0.608904362577523,-0.0917738065901119,0.147889725193195
"2025-05-01",0.385146912795165,2.43970040712487,0.627934571645206
"2025-05-02",-3.80776252170651,2.5564293794897,1.4619191109114
"2025-05-05",-3.19638950453811,-0.595672061593433,-0.640204702931868
"2025-05-06",-0.191247460820865,-0.246299917050852,-0.772298527839155
"2025-05-07",-1.14501252866681,3.05314384701907,0.43369381067091
"2025-05-08",0.629860464015763,0.264470734035616,0.578302114746698
"2025-05-09",0.525221146137422,-0.61533108516203,-0.0711734134876352
"2025-05-12",6.12326999867019,5.3006264868352,3.20399766770194
"2025-05-13",1.01010616276422,5.48115521420458,0.722205902024697
"2025-05-14",-0.282184335677993,4.07943029333255,0.102389124227642
"2025-05-15",-0.415308357327238,-0.377548672502304,0.412381743875656
"2025-05-16",-0.0898965278450348,0.421868608011167,0.698084936809984
"2025-05-19",-1.18084971543828,0.125485391616742,0.0875729566049088
"2025-05-20",-0.923883724443098,-0.881654314077274,-0.3887777069572
"2025-05-21",-2.3329083283727,-1.93859221487962,-1.62667192677599
"2025-05-22",-0.361877884742601,0.778434566049491,-0.0444970022421387
"2025-05-23",-3.07110110980373,-1.1661550688534,-0.673089959147255
"2025-05-27",2.49834683899186,3.15630834026761,2.02525808021843
"2025-05-28",0.104839756611153,-0.510536453444477,-0.558680257644539
"2025-05-29",-0.234792368794068,3.19735761842663,0.400317087063229
"2025-05-30",0.449104824786062,-2.96025376357871,-0.00811884569955623
"2025-06-02",0.422310966403483,1.65135237727574,0.409365149062602
"2025-06-03",0.775365210176915,2.75681307099553,0.578353353536976
"2025-06-04",-0.221623184428754,0.494447466704973,0.00736847447182498
"2025-06-05",-1.08565077456531,-1.3692386763049,-0.529135797869706
"2025-06-06",1.62653169542395,1.22822805686633,1.02281962153761
"2025-06-09",-1.21865239945516,0.640061267528669,0.0919525186391823
"2025-06-10",0.603787800710709,0.928165915925838,0.546801254164642
"2025-06-11",-1.93803670140476,-0.78109299948883,-0.274766031828655
"2025-06-12",0.211068052023844,1.50786057445904,0.38151330716758
"2025-06-13",-1.39014652047571,-2.11179404012309,-1.13606685901022
"2025-06-16",0.997813256854485,1.89775581002776,0.934882314818886
"2025-06-17",-1.41097777873593,-0.394722274120607,-0.838725972364429
"2025-06-18",0.479327365090221,0.939244828246544,-0.0309288034719302
"2025-06-20",2.22354447147692,-1.12675982577173,-0.218103521558888
"2025-06-23",0.248444342086085,0.222215197171316,0.956065507125992
"2025-06-24",-0.597321978351673,2.55430772763701,1.10603286169582
"2025-06-25",0.627077127777387,4.24271901868707,-0.000328610834898768
"2025-06-26",-0.278199491511799,0.459070034411546,0.798813103251739
"2025-06-27",0.0397880219662028,1.74573016209223,0.520539925615005
"2025-06-30",2.01360648385291,0.152022273940133,0.515113750612883
"2025-07-01",1.28334849405327,-3.01349620972253,-0.111915710987986
"2025-07-02",2.1987272462523,2.54401177930177,0.473387430649019
"2025-07-03",0.521132464908636,1.32032768072392,0.830437821066532
"2025-07-07",-1.70016036483176,-0.692729667571523,-0.789336810424501
"2025-07-08",0.0285796486225287,1.10609291864767,-0.071614325046987
"2025-07-09",0.536623658428503,1.78399233873421,0.604380277678018
"2025-07-10",0.599699244420027,0.74623277531991,0.274244107292532
"2025-07-11",-0.590230323097352,0.498450444108123,-0.330297177322514
"2025-07-14",-1.21016672090999,-0.51673113025057,0.140642433093596
"2025-07-15",0.234592721770532,3.96143951538717,-0.396414506567133
"2025-07-16",0.500880235221857,0.391726909344303,0.318856852538296
"2025-07-17",-0.0666314680619173,0.946669063143357,0.535938024001226
"2025-07-18",0.550800517193561,-0.341617572922548,-0.00904903028082771
"2025-07-21",0.613701459757898,-0.599214162094519,0.139815700567247
"2025-07-22",0.899556980146343,-2.57098596046719,0.0637328496667422
"2025-07-23",-0.11667827068802,2.22027610607789,0.77815321457031
"2025-07-24",-0.182280624389453,1.71838382281448,0.0697979996932219
"2025-07-25",0.0561327719688975,-0.138240317585669,0.396645100168058
"2025-07-28",0.0794484270360662,1.85587961710407,0.0176842471267591
"2025-07-29",-1.30727121055623,-0.704047106609895,-0.296383019746749
"2025-07-30",-1.05634682337215,2.11971539870159,-0.125021393851021
"2025-07-31",-0.710484327333827,-0.784010711035155,-0.370166204637457
"2025-08-01",-2.53215240604563,-2.36081327952595,-1.6121387185569
"2025-08-04",0.478165284703014,3.55120206434165,1.46295644914147
"2025-08-05",-0.211705083303038,-0.971389132039402,-0.486970378046259
"2025-08-06",4.96534007861449,0.648637219500703,0.725552221985382
"2025-08-07",3.12987925230175,0.749623483248918,-0.0797798171827679
"2025-08-08",4.14854070920914,1.06198691580284,0.776945481638869
"2025-08-11",-0.837248102563048,-0.350912395905922,-0.250726839388449
"2025-08-12",1.08137460464732,0.602384766516995,1.12815590751705
"2025-08-13",1.58974908509473,-0.86087042558427,0.322487338404542
"2025-08-14",-0.235994963011166,0.23651269429612,0.0303044878554815
"2025-08-15",-0.512531271086747,-0.866285572195924,-0.290133991636488
"2025-08-18",-0.302720264089995,0.860789475515755,-0.0100768257736306
"2025-08-19",-0.143018912416437,-3.56251793975542,-0.587532911220734
"2025-08-20",-1.9931997437495,-0.136735157501811,-0.243463063226379
"2025-08-21",-0.492330374200733,-0.239750447598297,-0.401221972895094
"2025-08-22",1.26365749870194,1.70557069206287,1.50722851587783
"2025-08-25",-0.26377685683272,1.01733923431162,-0.427551253964609
"2025-08-26",0.942006256073391,1.08414708636717,0.412547371011662
"2025-08-27",0.513281977461411,-0.093561257599184,0.238813045330311
"2025-08-28",0.894069639110029,-0.7905682214564,0.315174744146596
"2025-08-29",-0.180763041214682,-3.38117503923714,-0.641874040279156
"2025-09-02",-1.04794341212031,-1.97129546695436,-0.694635006103184
"2025-09-03",3.73823710375687,-0.0937307297859569,0.508711230294168
"2025-09-04",0.547830765219004,0.607685207594155,0.831184710287403
"2025-09-05",-0.0375508302934868,-2.74021078100999,-0.317017266993602
"2025-09-08",-0.75800393575145,0.769398534515009,0.210376445088833
"2025-09-09",-1.49506437581337,1.44515070974229,0.268454703007315
"2025-09-10",-3.27911995650476,3.77534094908585,0.297902822939733
"2025-09-11",1.41853121951412,-0.0846467077613156,0.84500876230944
"2025-09-12",1.74104799169195,0.366220094580338,-0.0482877881427868
"2025-09-15",1.11732787881902,-0.0393772243766577,0.469557772655982
"2025-09-16",0.610718081393902,-1.62780638928517,-0.128876043333115
"2025-09-17",0.3521070384509,-2.65972234070917,-0.0970639078245128
"2025-09-18",-0.465547877551753,3.43439940166652,0.47776878367074
"2025-09-19",3.15306413714609,0.243678541342707,0.487352393748175
"2025-09-22",4.21928880313622,3.85303759015425,0.440035071476252
"2025-09-23",-0.646418168133511,-2.86175665035282,-0.551735182873969
"2025-09-24",-0.836713937027689,-0.821615181393742,-0.285067716529497
"2025-09-25",1.79115522406974,0.406013398147032,-0.502164874252742
"2025-09-26",-0.550423876960249,0.281013704039612,0.588448913041439
"2025-09-29",-0.404017410081803,2.03316489138512,0.263207725991244
"2025-09-30",0.0785884777974921,2.56779806972602,0.408250361350859
"2025-10-01",0.321520032197942,0.353116544974874,0.339415417122346
"2025-10-02",0.655502199093583,0.877362198076614,0.061816362138245
"2025-10-03",0.345528562186992,-0.674637381392795,0.00655106568672181
"2025-10-06",-0.516790557368818,-1.11480608422552,0.36399592827614
"2025-10-07",-0.0818447732393146,-0.26985006315039,-0.381868770685223
"2025-10-08",0.614149907426942,2.17569192835692,0.581074849418783
"2025-10-09",-1.57004940785992,1.81308193518488,-0.275937398027892
"2025-10-10",-3.51320656306422,-5.00995686357886,-2.74859754398999
"2025-10-13",0.969721945094104,2.778259327334,1.54782630369343
"2025-10-14",0.044403222541245,-4.50192265754232,-0.156555149694348
"2025-10-15",0.631654034218965,-0.111155430199261,0.401791850342903
"2025-10-16",-0.760887460705195,1.095012961341,-0.631428027514325
"2025-10-17",1.93706267240401,0.772552317098452,0.525687394452667
"2025-10-20",3.86809973188926,-0.317061177845979,1.06157241361444
"2025-10-21",0.201899543229089,-0.813634483180259,0.00326959164169693
"2025-10-22",-1.65767808134358,-0.486951908316247,-0.535183477474277
"2025-10-23",0.436250354395717,1.03743753597243,0.581047986201355
"2025-10-24",1.24044965047139,2.22579269306573,0.787136197524418
"2025-10-27",2.25355446401894,2.76921977073465,1.22151413273794
"2025-10-28",0.0706568467519375,4.86185504038295,0.228533050223056
"2025-10-29",0.259871611539531,2.94577874298421,-0.00435792047337458
"2025-10-30",0.628356449994083,-2.02480246625258,-0.995419142453535
"2025-10-31",-0.380237602307876,-0.197340134803259,0.26145009178844
"2025-11-03",-0.489431810369556,2.14483813149853,0.171923399691742
"2025-11-04",0.367309589440268,-4.03930940036696,-1.18062503923273
"2025-11-05",0.0370276393157454,-1.76699041309085,0.364689767568827
"2025-11-06",-0.137076480479692,-3.72085078456648,-1.1241134514723
"2025-11-07",-0.48306116605632,0.0371986350804931,0.126104634749424
"2025-11-10",0.453842459630671,5.6316763687617,1.52836267035017
"2025-11-11",2.13711524187232,-3.00373071247702,0.207319995239175
"2025-11-12",-0.648777000638656,0.330785477860385,0.0629319125945216
"2025-11-13",-0.190328647843874,-3.64670428429008,-1.66954516309286
"2025-11-14",-0.19804913327679,1.75586796522857,-0.0501851471272019
"2025-11-17",-1.83382299396557,-1.89510125783832,-0.9204497894304
"2025-11-18",-0.00747138605374786,-2.84834604695288,-0.82907098441698
"2025-11-19",0.417904954924886,2.80545086418167,0.37468077372651
"2025-11-20",-0.863856671718821,-3.20323182254096,-1.56897261163156
"2025-11-21",1.94894516619835,-0.979093800259978,0.977510304159246
"2025-11-24",1.61857543358899,2.03089807317154,1.53488188990814
"2025-11-25",0.379833885196224,-2.6252271487623,0.902088600083317
"2025-11-26",0.209180633818118,1.3628310011673,0.688296943615008
"2025-11-28",0.46729316563292,-1.82503731523722,0.534048734113668
"2025-12-01",1.51261934881024,1.63625111213657,-0.533754874605563
"2025-12-02",1.08557055758105,0.852300191305932,0.245422119593641
"2025-12-03",-0.715363019779502,-1.0358818368001,0.297536052108605
"2025-12-04",-1.22158147031977,2.0939676650003,0.107973871197409
"2025-12-05",-0.68635679052651,-0.530355895704826,0.193476888467892
"2025-12-08",-0.3197549527437,1.70674343261492,-0.348331533164803
"2025-12-09",-0.25583338957933,-0.313064338724622,-0.0876743161013493
"2025-12-10",0.57558834232303,-0.645436125872578,0.672688065914073
"2025-12-11",-0.269388728688291,-1.56292116405989,0.20771919837177
"2025-12-12",0.0898805661178947,-3.32098298633658,-1.0720913458556
"2025-12-15",-1.50984674266059,0.722999001818891,-0.159783889183629
"2025-12-16",0.182247681252079,0.807893849736807,-0.238676400844007
"2025-12-17",-1.01382559442751,-3.88965933006906,-1.16598566113701
"2025-12-18",0.128684386859579,1.85469013540889,0.790295152047804
"2025-12-19",0.542264956801475,3.85822444842443,0.877940742183014
"2025-12-22",-0.991495070806891,1.48077636799915,0.641587057556059
"2025-12-23",0.511662061138995,2.96080213125416,0.454006704678989
"2025-12-24",0.530964504685638,-0.317621518556876,0.321630434470066
"2025-12-26",-0.149846507535578,1.01283224925526,-0.030440987710989
"2025-12-29",0.131594647804256,-1.21981919971379,-0.349816292393612
"2025-12-30",-0.248704508422293,-0.36192993377071,-0.137661425065438
"2025-12-31",-0.447762755111647,-0.55609721364247,-0.738486743424893
"2026-01-02",-0.313148579154809,1.25218865025021,0.18929140261168
"2026-01-05",-1.39337036617206,-0.387302495966058,0.63340245110517
"2026-01-06",-1.85044371165937,-0.468875529633017,0.617759200389223
"2026-01-07",-0.776761206359922,0.993754036707095,-0.344585357100868
"2026-01-08",-0.496745258033826,-2.17569352279021,0.00765453294224727
"2026-01-09",0.127311357290427,-0.0973158340881852,0.645461113832013
"2026-01-12",0.338714514917715,0.0432696062587112,0.157639005918142
"2026-01-13",0.306922414276922,0.46931804300625,-0.194100558820764
"2026-01-14",-0.418428518077185,-1.44737902109577,-0.534763358413493
"2026-01-15",-0.675452636784435,2.11251108816342,0.257660392044379
"2026-01-16",-1.04333459781101,-0.439348661709804,-0.0642508668450503
"2026-01-20",-3.5166795246858,-4.48057959465151,-2.08424609532614
"2026-01-21",0.38434235156739,2.90566320485741,1.15211176335599
"2026-01-22",0.282260293069569,0.825722938956464,0.547250070790284
"2026-01-23",-0.124907908844474,1.51945239163851,0.0326816427481447
"2026-01-26",2.92801237224092,-0.64147656711242,0.499359426016
"2026-01-27",1.11353241338996,1.09338027883492,0.407358784044121
"2026-01-28",-0.711063300571624,1.57880588281678,-0.0081726391700343
"2026-01-29",0.714949473155446,0.515592462824976,-0.129346744246206
"2026-01-30",0.46353771155081,-0.719423203812664,-0.431117941445791
"2026-02-02",3.97794349127674,-2.93061929229621,0.537678527736318
"2026-02-03",-0.19648308518363,-2.88037892857362,-0.843949559066282
"2026-02-04",2.56802392052213,-3.46971739260349,-0.508530015501485
"2026-02-05",-0.209972364835309,-1.33501211566811,-1.23266778538316
"2026-02-06",0.797776227040181,7.57730247941719,1.95043442822005
"2026-02-09",-1.17289344296072,2.46649619202044,0.468011786012212
"2026-02-10",-0.342888932621221,-0.792443047566316,-0.330918228450905
"2026-02-11",0.662814159175795,0.797714374642666,-0.00489572699500229
"2026-02-12",-5.12740092785959,-1.64994725680376,-1.57849413861175
"2026-02-13",-2.29958801805719,-2.23405288716929,0.0498964644446431
"2026-02-17",3.1176814356459,1.17464300926979,0.103079063065614
"2026-02-18",0.177958316711457,1.61417735598315,0.555063682113577
"2026-02-19",-1.43642652396458,-0.0425697087433008,-0.282611539153521
"2026-02-20",1.52338051804435,1.01664810000788,0.691575570217395
"2026-02-23",0.602906239229117,0.907256865114725,-1.0439959471455
"2026-02-24",2.21440517351654,0.676390055769005,0.762248896238304
"2026-02-25",0.765051619637269,1.39544787285359,0.810343397012936
"2026-02-26",-0.467861746699594,-5.61061312607034,-0.538002699556728
"2026-02-27",-3.26580041809477,-4.25385240953995,-0.434879512803654
"2026-03-02",0.204195174556876,2.94178845489625,0.0398275413134641
"2026-03-03",-0.36708239046801,-1.34058452730015,-0.94889087313117
"2026-03-04",-0.467454965559888,1.64701027121854,0.772612574014886
"2026-03-05",-0.853082084024948,0.163756916988511,-0.566270777270361
"2026-03-06",-1.09321152996182,-3.05704506374695,-1.33657204324962
"2026-03-09",0.935570106853234,2.67998738846904,0.826987166538906
"2026-03-10",0.364885096982448,1.15401411646214,-0.213740250588756
"2026-03-11",-0.00767758863613466,0.68501905095788,-0.0837952185635871
"2026-03-12",-1.95525963422245,-1.56570549963613,-1.53448081894929
"2026-03-13",-2.22986663815119,-1.59060180457242,-0.607754639850278
"2026-03-16",1.07370315652435,1.63427533614717,1.00799097468194
"2026-03-17",0.55615265961011,-0.706556527997471,0.249114938495332
"2026-03-18",-1.70184433116081,-0.844543986589219,-1.37009993837314
"2026-03-19",-0.392859455861494,-1.02519939170129,-0.275258262389855
"2026-03-20",-0.390389944010749,-3.33685961602441,-1.52539343077702
"2026-03-23",1.40148415121741,1.68804225046468,1.13881090950727
"2026-03-24",0.0596213406394597,-0.250826039230123,-0.374959545932008
"2026-03-25",0.388689659368424,1.9668304028877,0.540449375994889
"2026-03-26",0.106827666620468,-4.25303384918259,-1.75594409612092
"2026-03-27",-1.63052652877136,-2.1963338888785,-1.68632319460507
"2026-03-30",-0.876013626829852,-1.4127557951646,-0.395355383335705
"2026-03-31",2.86178631770149,5.43761970045882,2.87148933098003
"2026-04-01",0.722396755448429,0.771103448421506,0.714294500375878
"2026-04-02",0.113383399436806,0.928826076522693,0.112024813623712
"2026-04-06",1.14223250901935,0.140827717239667,0.441701313160436
"2026-04-07",-2.09234218465593,0.258617631699387,0.075896003312792
"2026-04-08",2.10780062212681,2.21010081620427,2.47720383571846
"2026-04-09",0.612255027091368,1.00004084464622,0.61510668695135
"2026-04-10",-0.00382612626941281,2.5340875864889,-0.11391696991403
"2026-04-13",-0.492608008275575,0.359838994245454,1.01218754937413
"2026-04-14",-0.142865867796171,3.73274303958411,1.17139889161439
"2026-04-15",2.89401677402434,1.1938083175826,0.794414491156559
"2026-04-16",-1.14378518835077,-0.261819774007499,0.260655581528546
"2026-04-17",2.55998022707322,1.66490455678074,1.19685539287371
"2026-04-20",1.03813512370392,0.188240886420843,-0.237719591025076
"2026-04-21",-2.55195863875244,-1.08473699490457,-0.636845358085303
"2026-04-22",2.59591762830951,1.30226432044509,1.04057560115365
"2026-04-23",0.0951167421849419,-1.42241792079671,-0.414143217093965
"2026-04-24",-0.870547007405076,4.23195814938264,0.79420679176323
"2026-04-27",-1.28094781929571,3.92632039166472,0.123161800055094
"2026-04-28",1.15174584573214,-1.6008553153041,-0.490618786879615
"2026-04-29",-0.199672426413677,-1.85602424078102,-0.0399251743512963
"2026-04-30",0.43581821011518,-4.73646780375949,1.01861841681057
"2026-05-01",3.18799073724367,-0.562780138878516,0.292404968652171
"2026-05-04",-1.18858935850312,0.0151037147720245,-0.407046248784226
"2026-05-05",2.62042669434219,-1.0025881252397,0.808722738057632
"2026-05-06",1.16497956253481,5.6058043914545,1.44829443277459
"2026-05-07",-0.0243534117249311,1.75045889490928,-0.381034548267856
"2026-05-08",2.02500618009838,1.73428147478143,0.839040542903291
"2026-05-11",-0.126341087008441,1.95110224352728,0.18781917406745
"2026-05-12",0.721726734554373,0.608788620212941,-0.160389441140829
"2026-05-13",1.37115529290126,2.26157703280458,0.583220606299584
"2026-05-14",-0.221073497193292,4.29470222671524,0.762644914373922
"2026-05-15",0.675098013672581,-4.52079027765571,-1.24403817877301
"2026-05-18",-0.799251634912235,-1.34037852023763,-0.0735938592566043
"2026-05-19",0.378681127657199,-0.772141844080387,-0.67007205566707
"2026-05-20",1.09113138694097,1.28807737018182,1.07342080663262
"2026-05-21",0.902440391291215,-1.78794071864621,0.171386093166603
"2026-05-22",1.24796640984242,-1.92260722930175,0.372004528434111
"2026-05-26",-0.158799598535442,-0.218503386614621,0.608968062314652
"2026-05-27",0.813992117752882,-1.05742167465737,0.016486555361972
"2026-05-28",0.532598695555464,0.773110615876593,0.573722721221692
"2026-05-29",-0.144100199644281,-1.46221259726715,0.216990473148648
"2026-06-01",-1.85978511224496,6.07304760397174,0.262185606049137
"2026-06-02",2.8609745520348,-0.6887683586835,0.129125491258897
"2026-06-03",-1.57967574548854,-3.68896824558842,-0.73993488920685
"2026-06-04",0.312157519877232,1.92082706744561,0.404676236918711
"2026-06-05",-1.25775933554415,-6.40203547282123,-2.68013303153598
"2026-06-08",-1.90518854697883,1.71126038073357,0.297370520766016
"2026-06-09",-3.71271011267185,-0.215913704945336,-0.257971859262085
"2026-06-10",0.353873682807837,-3.80359924018689,-1.63320958682061
"2026-06-11",1.37942577346211,2.19604498897743,1.73671989134636
"2026-06-12",-1.53386718908379,0.156081608505954,0.501292812716159
"2026-06-15",1.80074275442887,3.47702459365982,1.63932841385819
"2026-06-16",0.946854559821908,-2.40091371858542,-0.570039603927341
"2026-06-17",-1.10554240537653,-1.33963681415423,-1.22226756033594
"2026-06-18",0.693653079455991,2.90867293647121,1.07878139629261
"2026-06-22",-0.336115617565724,-0.972972413866113,-0.371193268497727
"2026-06-23",-0.916628102020312,-4.21408417773925,-1.44669283860974
"2026-06-24",-0.415409703273184,-0.521250207133139,-0.0983415367732832
"2026-06-25",-6.31291052885237,-1.65175329529319,-0.00992110400463986
"2026-06-26",3.08828692129701,-1.65353072702965,-0.0471768682919205
"2026-06-29",-0.721461757134723,1.25937064703301,1.16815613593459
"2026-06-30",2.66869279465594,2.59215441142278,0.788899883814764
